Date,ARTIST,TITLE,Flare,,Bavo,Lennert,Vince,Mattis,Wennie,Jasper,Sander,Sienie,Femke,Kato,Daan,Sam H.,Marc,Joppe,Eef,Nancy,Benoit,Hasse,Azra,Leonie,Eliah,Tinne,Jordy,Sam V.H.,Sebastiaan,Natasha,Niels,Sara
1-1-2021,Anavitória,COR,ZACHT,"7,0","6,5",8,7,"6,5",8,"5,5",8,"7,5","7,5",6,,,7,,,6,,,,,,,,,,,,
1-1-2021,Another Sky,Music For Winter Vol. 1,ZACHT,"7,4","7,5","7,6",7,"7,5","8,5",,"8,2","8,5",6,7,,,,,,6,,,,,,,,,,,,
1-1-2021,Basic Bitches,Go To The Movies,HARD,"3,9",3,,3,4,"4,5",,3,,4,3,,,,,,7,,,,,,,,,,,,
1-1-2021,Dylan Warfel,Girlsmakemenervous,GEK,"4,7",,,5,7,,4,"6,3",3,2,3,,,,,,5,7,,,,,,,,,,,
1-1-2021,Graeme James,The Weight of Many Winters,ZACHT,"6,8",,"6,9",6,"6,5",,,,7,"7,5","7,5","6,5",,,,,,,,,,,,,,,,,
1-1-2021,Juan Bond,Womb,HARD,"5,0",,,5,2,"7,5",,6,"6,5",5,5,,,,,,1,7,,,,,,,,,,,
1-1-2021,R.A.P. Ferreira,Bob's Son,ZACHT,"6,1","8,5","8,1",6,"7,5",,,"6,5",5,6,4,,,,,,3,,,,,,,,,,,,
1-1-2021,Swallowtail,The Bloom / The Blossom,GEK,"5,8",,,,8,6,,6,"6,5",5,3,,,,,,,,,,,,,,,,,,
1-1-2021,The Dirty Nil,Fuck Art,HARD,"7,2",3,"7,5",7,8,"8,5","7,5",7,8,8,8,,,"6,5",,,8,6,,,,,,,,,,,
1-1-2021,Yung Pinch,Washed Ashore,DANS,"5,4",,"5,5",6,"7,5",,,,3,5,"5,5",,,,,,,,,,,,,,,,,,
2-1-2021,In The Pines,Slow Blink,ZACHT,"6,9",,"6,8",6,9,,,,7,6,6,"7,5",,,,,,,,,,,,,,,,,
4-1-2021,Celestial Swarm,Gateways to the Necroverse,HARD,"3,3",,6,,,,,,,3,,,,,,,1,,,,,,,,,,,,
4-1-2021,Steve Earle & The Dukes,J.T.,DANS,"6,1",,"6,5",5,6,,,,"5,5",7,"6,5",,,,,,,,,,,,,,,,,,
4-1-2021,Tori Dake & Iorie,Jiyū,DANS,"7,1",,"6,5",6,9,,,8,"7,5","7,5",,,,5,,,,,,,,,,,,,,,
6-1-2021,Gates Of Doom,Aquileia Mater Aeterna,HARD,"4,8",,"5,5",4,,,,,,5,,,,,,,,,,,,,,,,,,,
7-1-2021,Burn Water,Angel,ZACHT,"7,2",,,,,6,,8,,"7,5",,,,,,,,,,,,,,,,,,,
7-1-2021,Froukje ,Licht & donker (EP),DANS,"8,1",9,"9,2",7,9,,8,"7,5","7,5","8,5",7,,,"7,8",,,,,"8,7",,,,,,,,,,
8-1-2021,Aaron Frazer,Introducing...,,"7,1",,"7,5",7,"6,5",,"7,5",,,7,6,,,,,"8,5",,,,,,,,,,,,,
8-1-2021,Barry Gibb,Greenfields,DANS,"6,7",,,,6,,,,,8,6,,,,,,,,,,,,,,,,,,
8-1-2021,Casper Clausen,Better Way,DANS,"6,0",,7,4,"8,5",5,,,,"5,5",,,,,,,,,,,,,,,,,,,
8-1-2021,Henrik Appel,Humanity,ZACHT,"6,7",,7,7,7,,,,6,"6,5",,,,,,,,,,,,,,,,,,,
8-1-2021,Jazmine Sullivan,Heaux Tales,DANS,"6,9",8,"7,5",7,5,,,"7,5",5,8,7,,,,,,,,,,,,,,,,,,
8-1-2021,Magnum,Dance of the Black Tattoo,HARD,"7,3",,,,8,,,6,,8,7,,,6,,,"8,5",,,,,,,,,,,,
8-1-2021,Mermaid in China,Wild and Pretty Games,ZACHT,"7,2",,"7,5",6,7,"7,5",,,"7,5","7,5",,,,,,,,,,,,,,,,,,,
8-1-2021,Morgan Wallen,Dangerous: The Double Album,ZACHT,"5,9",,,,4,,,,,"7,8",,,,,,,,,,,,,,,,,,,
8-1-2021,Passenger,Songs for the Drunk and Broken Hearted,ZACHT,"5,4",3,"6,5",4,5,,,,6,7,"6,5",,,,,,,,,,,,,,,,,,
8-1-2021,Petite League,Joyrider,HARD,"7,0",,"7,4",6,"6,5",9,,"6,5","7,5","6,3",,,,,,,,,,,,,,,,,,,
8-1-2021,Tony Glausi,When It All Comes Crashing Down,ZACHT,"6,9",,"6,3",7,8,,,,7,6,,,,,,,,,,,,,,,,,,,
8-1-2021,Viagra Boys,Welfare Jazz,HARD,"7,2",8,"8,2",8,"7,5","6,5",7,"7,5","7,5","6,8","4,5",,,,,,,,,,,,,,,,,,
10-1-2021,Scale & Feather,A Slow Forest Burning,HARD,"7,7",,,,,,,,8,8,,7,,,,,,,,,,,,,,,,,
11-1-2021,Cheekface,Empathically No.,GEK,"8,5",,,,,"8,5",,,,,,,,,,,,,,,,,,,,,,,
11-1-2021,Kultika,Capricorn Wolves,, ,,,,,,,,,,,,,,,,,,,,,,,,,,,,
11-1-2021,Treasure,THE FIRST STEP: TREASURE EFFECT,DANS,"5,3",,,,2,,,,,"7,5","6,5",,,,,,,,,,,,,,,,,,
11-1-2021,Victon,Voice: The Future Is Now,ZACHT,"5,6",,,,2,,,,,"7,8",7,,,,,,,,,,,,,,,,,,
12-1-2021,Hospital Bracelet,South Loop Summer,HARD,"6,9",,,6,"5,5",9,,,7,"7,5","6,5",,,,,,,,,,,,,,,,,,
12-1-2021,Okcomputer12127,(),, ,,,,,,,,,,,,,,,,,,,,,,,,,,,,
13-1-2021,Death Cab for Cutie,The Georgia EP,ZACHT,"7,5","6,5","7,5",,"8,5",,,,"6,5","8,5",8,,7,,,,,,,,,,,,,,,,
13-1-2021,Healy,Tungsten,ZACHT,"7,1",,,7,8,"7,5",,"7,5",6,6,,"7,5",,,,,,,,,,,,,,,,,
14-1-2021,Ray Fuego,HEMELSCHIP,GEK,"4,7",6,,4,,,,,,4,,,,,,,,,,,,,,,,,,,
15-1-2021,Accept,Too Mean to Die,HARD,"6,7",,,,3,,,,,9,,,,,,,8,,,,,,,,,,,,
15-1-2021,Beach Bunny,Blame Game (EP),HARD,"7,3",,,,,8,,"6,5",,,,,,,,,,,,,,,,,,,,,
15-1-2021,Benjamin Ingrosso,En gång i tiden,ZACHT,"5,5",,,,5,,,,,"5,5",6,,,,,,,,,,,,,,,,,,
15-1-2021,Blackout Problems,Dark,HARD,"7,1",,,,"6,5",,,,,"7,7",,,,,,,,,,,,,,,,,,,
15-1-2021,Buck Meek,Two Saviors,ZACHT,"7,0","7,5","7,8",,7,,8,,,6,"5,5",,,,,,,,,,,,,,,,,,
15-1-2021,Daniel Norgren,Live,,"7,6",8,,,,,,"8,3",,6,,,,,8,,,,,,,,,,,,,,
15-1-2021,Emma Ruth Rundle & Thou,The Helm of Sorrow (EP),HARD,"6,6",7,8,7,"4,5","7,5",,"7,5","7,5",3,5,"8,5",,,,,,,,,,,,,,,,,
15-1-2021,Frank Iero & The Future Violents,"Heaven is a Place, This is a Place ",HARD,"5,0",,,5,,,,,,,,,,,,,,,,,,,,,,,,,
15-1-2021,Lycopolis,The Procession,HARD,"1,0",,,,,,,,,1,,,,,,,,,,,,,,,,,,,
15-1-2021,Midnight Sister,Painting The Roses,ZACHT,"6,8",,,,7,,,,"7,5",6,"6,5",,,,,,,,,,,,,,,,,,
15-1-2021,Nyck Caution,Anywhere But Here,,"6,2",,"7,3",5,,,,,,,,,,,,,,,,,,,,,,,,,
15-1-2021,Pearl Charles,Magic Mirror,DANS,"7,5",,"7,1",,8,,,,"7,5",,,,,,,,,,,,,,,,,,,,
15-1-2021,Samia,The Baby Reimagined,,"6,5",,"6,5",,,,,,,,"6,5",,,,,,,,,,,,,,,,,,
15-1-2021,Shame,Drunk Tank Pink,HARD,"7,6","8,5","8,2",7,"8,5",,,8,8,"7,5",5,,,,,,,,,,,,,,,,,,
15-1-2021,Sleaford Mods,Spare Ribs,GEK,"7,8",7,,,9,,,,"7,5",,,,,,,,,,,,,,,,,,,,
15-1-2021,Stoop Kid,Camp Careful,,"6,8",,7,6,,7,"7,5","6,5","6,5",7,,,,,,,,,,,,,,,,,,,
15-1-2021,The Xcerts,So No One Told You Life Was Gonna Be This Way (EP),HARD,"4,6",,5,4,"3,5","7,5",,3,,,,,,,,,,,,,,,,,,,,,
15-1-2021,Vinci,De Basis (EP),,"4,5","4,5",,,,,,,,,,,,,,,,,,,,,,,,,,,
15-1-2021,You Me At Six,Suckapunch,HARD,"6,0",,4,5,9,6,,,6,,,,6,,,,,,,,,,,,,,,,
15-1-2021,ZAYN,Nobody Is Listening,,"2,1",2,"1,5",,2,,,,,3,,,,,,,,,,,,,,,,,,,
15-1-2021,Yail,Elegies,HARD, ,,,,,,,,,,,,,,,,,,,,,,,,,,,,
18-1-2021,Cosmo Pyke,A Piper For Janet (EP),,"8,4",,"8,7",,,,,,8,,,,,,,,,,,,,,,,,,,,
18-1-2021,Single Mothers,Bubble (EP),GEK,"7,8",,,,,8,,8,,,,,"7,5",,,,,,,,,,,,,,,,
21-1-2021,Flux Pavilion,.wav,DANS,"7,0",,,,,6,,7,,,8,,,,,,,,,,,,,,,,,,
22-1-2021,Arca,Madre (EP),GEK,"7,8",8,,,,,,,,,,"7,5",,,,,,,,,,,,,,,,,
22-1-2021,Bicep,Isles,DANS,"8,0","8,5",,,,,,8,,,,,"7,5",,,,,,8,,,,,,,,,,
22-1-2021,Camp Trash,Downtiming (EP),HARD,"7,4",3,,,,9,,6,"8,5",9,"8,5","7,5",,,,,,,,,,,,,,,,,
22-1-2021,CARM,CARM,ZACHT,"7,9","7,8","7,3",,,,,"8,3",8,,,,8,,,,,,,,,,,,,,,,
22-1-2021,Caroline Shaw,Narrow Sea,GEK,"8,5",,,,,,,,,,,"8,5",,,,,,,,,,,,,,,,,
22-1-2021,DIKKE,130 Kilo,,"6,6","6,8",7,,,,7,6,,,6,,,,,,,,,,,,,,,,,,
22-1-2021,Doc D,Planetory Destruction,,"7,8","7,8",,,,,,,,,,,,,,,,,,,,,,,,,,,
22-1-2021,Lande Hekt,Going to Hell,ZACHT,"6,6",,,,,7,,"5,5",7,,,7,,,,,,,,,,,,,,,,,
22-1-2021,Rhye,Home,DANS,"7,3","5,5","7,7",,,9,,"6,5",9,,,,8,,4,"8,5",,,,,,,,,,,,,
22-1-2021,Teen Creeps,Forever,HARD,"7,3",,7,,,"6,5",,"7,5","7,5",8,"7,5",,"7,5","7,2",,,,,,,,,,,,,,,
22-1-2021,the dead daisies,holy ground,HARD,"6,8",,,,,"7,5",,5,"6,5",,8,,,,,,,,,,,,,,,,,,
22-1-2021,Yung ,Ongoing Dispute,HARD,"7,7",,,,,,,"7,7",,,,,,,,,,,,,,,,,,,,,
22-1-2021,Palberta,Palberta5000,HARD,"6,0",,,,,6,,,,,,,,,,,,,,,,,,,,,,,
27-1-2021,Mica Levi,Blue Alibi,, ,,,,,,,,,,,,,,,,,,,,,,,,,,,,
29-1-2021,Ani DiFranco,Revolutionary Love,, ,,,,,,,,,,,,,,,,,,,,,,,,,,,,
29-1-2021,Ariel Pink,"Odditties Sodomies, vol. 3",, ,,,,,,,,,,,,,,,,,,,,,,,,,,,,
29-1-2021,Arlo Parks,Collapsed in Sunbeams,ZACHT,"7,9","8,5",8,,,8,7,"8,5","6,5",,,,8,,,9,,,,,,,,,,,,,
29-1-2021,Celeste,Not Your Muse,,"7,3","7,5",,,,,"6,5",,8,,,,7,,,,,,,,,,,,,,,,
29-1-2021,Fredo,Money Can't Buy Happiness,,"6,5","6,5",,,,,,,,,,,,,,,,,,,,,,,,,,,
29-1-2021,Madlib (& Four Tet),Sound Ancestors,DANS,"9,1","9,3",,,,,,9,9,,,,,,,,,,,,,,,,,,,,
29-1-2021,michael schenker group,immortal,, ,,,,,,,,,,,,,,,,,,,,,,,,,,,,
29-1-2021,Sebastian Reynolds,Nihilism is Pointless,GEK,"6,0",,,,,6,,,,,,,,,,,,,,,,,,,,,,,
29-1-2021,The Notwist,Vertigo Days,, ,,,,,,,,,,,,,,,,,,,,,,,,,,,,
29-1-2021,The Sonder Bombs,Clothbound,HARD,"8,0",,,,,8,,,,,,,,,,,,,,,,,,,,,,,
29-1-2021,Weezer,OK Human,ZACHT,"7,0","7,8",8,,,,,6,"7,5",,6,,"6,5",,,,,,,,,,,,,,,,
4-2-2021,Joeboy,Somewhere Between Beauty & Magic,, ,,,,,,,,,,,,,,,,,,,,,,,,,,,,
5-2-2021,Apollo LTD,"Nothing is Ordinary, Everything is Beautiful",, ,,,,,,,,,,,,,,,,,,,,,,,,,,,,
5-2-2021,Black Coffee,Subconsciously,, ,,,,,,,,,,,,,,,,,,,,,,,,,,,,
5-2-2021,"Black Country, New Road",For the First Time,,"9,0",,,,,,9,,,,,,,,,,,,,,,,,,,,,,
5-2-2021,CNCO,Déjà Vu,, ,,,,,,,,,,,,,,,,,,,,,,,,,,,,
5-2-2021,Cult Of Luna,The Raging River,HARD,"8,5",,,,,9,,,8,,,,,,,,,,,,,,,,,,,,
5-2-2021,Foo Fighters,Medicine At Midnight,HARD,"6,0","4,5",,,,,"6,5",,,,,,,,,,7,,,,,,,,,,,,
5-2-2021,Hayley Williams,FLOWERS for VASES / descanos,ZACHT,"7,8",8,,,,,,,8,,,,"7,5",,,,,,,,,,,,,,,,
5-2-2021,Jane Birkin,Oh! Pardon tu dormai...,, ,,,,,,,,,,,,,,,,,,,,,,,,,,,,
5-2-2021,Kate Ceberano,Sweet Inspiration,, ,,,,,,,,,,,,,,,,,,,,,,,,,,,,
5-2-2021,Octo Octa,She's Calling,, ,,,,,,,,,,,,,,,,,,,,,,,,,,,,
5-2-2021,Odette,Herald,DANS,"7,0",,,,,,,,7,,,,,,,,,,,,,,,,,,,,
5-2-2021,Psychedelic Porn Crumpets,SHYGA! The Sunlight Mound,, ,,,,,,,,,,,,,,,,,,,,,,,,,,,,
5-2-2021,Puma Blue,In Praise Of Shadows,,"7,5","7,5",,,,,,,,,,,,,,,,,,,,,,,,,,,
5-2-2021,Sarah Mary Chadwick,"Me and Ennui Are Friends, Baby",, ,,,,,,,,,,,,,,,,,,,,,,,,,,,,
5-2-2021,Sun June,Somewhere,ZACHT,"9,0",,,,,9,,,9,,,9,,,,,,,,,,,,,,,,,
5-2-2021,The Staves,Good Woman,ZACHT,"8,1",8,,,,,8,,8,,,,"8,5",,,,,,,,,,,,,,,,
5-2-2021,The Weather Station,Ignorance,, ,,,,,,,,,,,,,,,,,,,,,,,,,,,,
7-2-2021,Loathe,The Things They Believe,ZACHT,"8,3",,,,,"8,5",,,8,,,,,,,,,,,,,,,,,,,,
8-2-2021,Kim Woo-seok,2nd Desire: Tasty,, ,,,,,,,,,,,,,,,,,,,,,,,,,,,,
12-2-2021,Claud,Supermonster,,"6,0",,,,,,6,,,,,,,,,,,,,,,,,,,,,,
12-2-2021,Florida Georgia Line,Life Rolls On,, ,,,,,,,,,,,,,,,,,,,,,,,,,,,,
12-2-2021,Gabriel Rios,Flore,, ,,,,,,,,,,,,,,,,,,,,,,,,,,,,
12-2-2021,God Is An Astronaut,Ghost Tapes #10,,"8,3","6,5",,,,9,,,"9,5",,,,,,,,,,,,,,,,,,,,
12-2-2021,Jakob Ahlbom,At the Break of Dawn,ZACHT,"9,5",,,,,,,,"9,5",,,,,,,,,,,,,,,,,,,,
12-2-2021,JPEGMAFIA,EP2!,,"8,0",8,8,,,,,,,,,,,,,,,,,,,,,,,,,,
12-2-2021,Love and Death,Perfectly Preserved,, ,,,,,,,,,,,,,,,,,,,,,,,,,,,,
12-2-2021,Luca Brasi,Everything Is Tenuous,,"7,5",,,,,"7,5",,,,,,,,,,,,,,,,,,,,,,,
12-2-2021,Pale Waves,Who Am I?,, ,,,,,,,,,,,,,,,,,,,,,,,,,,,,
12-2-2021,Pentatonix,The Lucky Ones,ZACHT,"8,0",,,,,,,,,8,,,,,,,,,,,,,,,,,,,
12-2-2021,Sia,Music - Songs from and Inspired by the Motion Picture,DANS,"3,8",0,,,,,,,,"7,5",,,,,,,,,,,,,,,,,,,
12-2-2021,Sirenia,"Riddles, Ruins & Revelations",, ,,,,,,,,,,,,,,,,,,,,,,,,,,,,
12-2-2021,Slowthai,Tyron,,"8,1","8,7","8,5",,,8,7,,,,,,,,,,,,,,,,,,,,,,
12-2-2021,Sports,Get A Good Look Pt. 1,,"7,8",,,,,8,,,"7,5",,,,,,,,,,,,,,,,,,,,
12-2-2021,Stan van Samang,feel the power,ZACHT,"6,6",haha,,,,,,5,,"7,5",7,,,,,,7,,,,,,,,,,,,
12-2-2021,Teenage Wrist,Earth is a Black Hole,,"8,0",,,,,"8,5",,,,"7,5",,,,,,,,,,,,,,,,,,,
12-2-2021,The pretty Reckless,Death by Rock and Roll,, ,,,,,,,,,,,,,,,,,,,,,,,,,,,,
12-2-2021,The Rubens,(0)202,,"6,0",,,,,,,,6,,,,,,,,,,,,,,,,,,,,
12-2-2021,VENTILATEUR,A Soundtrack For Happiness,, ,,,,,,,,,,,,,,,,,,,,,,,,,,,,
12-2-2021,Bob Vylan,We Live Here (Deluxe),HARD,"7,5",,,,,"7,5",,,,,,,,,,,,,,,,,,,,,,,
14-2-2021,Black Dresses,Forever In Your Heart ,, ,,,,,,,,,,,,,,,,,,,,,,,,,,,,
15-2-2021,Chungha,Querencia,, ,,,,,,,,,,,,,,,,,,,,,,,,,,,,
16-2-2021,Super Junior,The Renaissance,, ,,,,,,,,,,,,,,,,,,,,,,,,,,,,
19-2-2021,Adeline Hotel,Good Timing,, ,,,,,,,,,,,,,,,,,,,,,,,,,,,,
19-2-2021,Edie Brickell & New Bohemians,Hunter and the Dog Star,, ,,,,,,,,,,,,,,,,,,,,,,,,,,,,
19-2-2021,Hand Habits,Dirt (EP),, ,,,,,,,,,,,,,,,,,,,,,,,,,,,,
19-2-2021,Indigo Sparke,Echo,ZACHT,"8,5",9,,,,"7,5",,,9,,,,,,,,,,,,,,,,,,,,
19-2-2021,Isaac Dunbar,Evil Twin,,"8,5",,,,,,,,,,,,,,,,,,,"8,5",,,,,,,,,
19-2-2021,Julia Stone,Sixty Summers,, ,,,,,,,,,,,,,,,,,,,,,,,,,,,,
19-2-2021,Mogwai,As The Love Continues,HARD,"8,3","8,5",,,,8,,"8,5",8,,,,,,,,,,,,,,,,,,,,
19-2-2021,Normandie,Dark & Beautiful Secrets,, ,,,,,,,,,,,,,,,,,,,,,,,,,,,,
19-2-2021,"Nothing, Nowhere",Trauma Factory,DANS,"6,5",,,,,6,,7,,,,,,,,,,,,,,,,,,,,,
19-2-2021,Ryan Van Haesendonck,Vauville,ZACHT,"9,1",10,10,,,9,,10,"9,5",6,,,,,,,,,,,,,,,,,,,
19-2-2021,SG Lewis,Times,, ,,,,,,,,,,,,,,,,,,,,,,,,,,,,
19-2-2021,Tash Sultana,Terra Firma,,"8,5",,,,,"8,5",,,,,,,,,,,,,8,9,,,,,,,,,
19-2-2021,The Hold Steady,Open Door Policy,, ,,,,,,,,,,,,,,,,,,,,,,,,,,,,
19-2-2021,Valley Maker,When the Day Leaves,, ,,,,,,,,,,,,,,,,,,,,,,,,,,,,
19-2-2021,"Conway the Machine, Big Ghost Ltd",If It Bleeds It Can Be Killed ,,"7,8","7,8",,,,,,,,,,,,,,,,,,,,,,,,,,,
19-2-2021,"Your Old Droog, Tha God Fahim",Tha YOD Fahim,, ,,,,,,,,,,,,,,,,,,,,,,,,,,,,
22-2-2021,Lefwerk,Blijf Klein,,"8,0",,,,,8,,,,,,,,,,,,,,,,,,,,,,,
25-2-2021,King Gizzard & the Lizard Wizard,L.W.,HARD,"7,3",,,,,6,,,"8,5",,,,,,,,,,,,,,,,,,,,
25-2-2021,Nick Cave & Warren Ellis ,CARNAGE,ZACHT,"8,9","9,5",,,,,,9,"8,5",,,,"8,5",,,,,,,,,,,,,,,,
26-2-2021,Alice Cooper,Detroit Stories,,"6,0",,,,,,,,,,,,,,,,6,,,,,,,,,,,,
26-2-2021,Altın Gün,Yol,, ,,,,,,,,,,,,,,,,,,,,,,,,,,,,
26-2-2021,Architects,For Those That Wish To Exist,HARD,"7,5",,,,,8,,,,,,,7,,,,,,,,,,,,,,,,
26-2-2021,Balthazar,Sand,,"6,8",6,,,,,,"6,5","7,5",,,,7,,,,,,,,,,,,,,,,
26-2-2021,Blanck Mass,In Ferneaux,GEK,"5,0",,,,,5,,,,,,,,,,,,,,,,,,,,,,,
26-2-2021,Bonnie Tyler,The Best Is Yet to Come,, ,,,,,,,,,,,,,,,,,,,,,,,,,,,,
26-2-2021,Celeste,Not Your Muse,, ,,,,,,,,,,,,,,,,,,,,,,,,,,,,
26-2-2021,Cloud Nothings ,The Shadow I Remember,HARD,"5,5",,,,,"5,5",,,,,,,,,,,,,,,,,,,,,,,
26-2-2021,Deap vally,Digital Dream,, ,,,,,,,,,,,,,,,,,,,,,,,,,,,,
26-2-2021,Dreamwell,Modern Grotesque,, ,,,,,,,,,,,,,,,,,,,,,,,,,,,,
26-2-2021,Epica,Omega,HARD,"7,5",,,,,,,,,,,,,,,,"7,5",,,,,,,,,,,,
26-2-2021,Goody Grace,Don't Forget Where You Came From,, ,,,,,,,,,,,,,,,,,,,,,,,,,,,,
26-2-2021,Goose,Something New,DANS, ,,,,,,,,,,,,,,,,,,,,,,,,,,,,
26-2-2021,Jetty Bones,Push Back,DANS,"8,5",,,,,"8,5",,,,,,,,,,,,,,,,,,,,,,,
26-2-2021,JIMMY EDGAR,CHEETAH BEND,,"8,0",8,,,,,,,,,,,,,,,,,,,,,,,,,,,
26-2-2021,Julien Baker,Little Oblivions,ZACHT,"8,5",9,,,,"8,5",,"8,5","8,5",,"8,5",,8,,,,,,,,,,,,,,,,
26-2-2021,Lastelle,Delicate (EP),HARD,"7,0",,,,,7,,,,,,,,,,,,,,,,,,,,,,,
26-2-2021,Madison Beer,Life Support,, ,,,,,,,,,,,,,,,,,,,,,,,,,,,,
26-2-2021,Maxïmo Park,Nature Always Wins,, ,,,,,,,,,,,,,,,,,,,,,,,,,,,,
26-2-2021,Mikey Erg,Mikey Erg,, ,,,,,,,,,,,,,,,,,,,,,,,,,,,,
26-2-2021,Mira,heilig hart,ZACHT, ,,,,,,,,,,,,,,,,,,,,,,,,,,,,
26-2-2021,Moonspell,Hermitage,, ,,,,,,,,,,,,,,,,,,,,,,,,,,,,
26-2-2021,Nervous Dater,Call in the Mess,HARD,"6,0",,,,,6,,,,,,,,,,,,,,,,,,,,,,,
26-2-2021,NOFX,Single Album,, ,,,,,,,,,,,,,,,,,,,,,,,,,,,,
26-2-2021,Roosevelt,Polydans,DANS,"7,5","7,5",,,,,,,"7,5",,,,,,,,,,,,,,,,,,,,
26-2-2021,Sheppard,Kaleidoscope Eyes,DANS,"6,5",,,,,"6,5",,,,,,,,,,,,,,,,,,,,,,,
26-2-2021,Willie Nelson,That's Life,, ,,,,,,,,,,,,,,,,,,,,,,,,,,,,
26-2-2021,Danny L Harle,Harlecore,GEK, ,,,,,,,,,,,,,,,,,,,,,,,,,,,,
26-2-2021,Bonfire,Roots,,"7,0",,,,,,,,,,,,,,,,7,,,,,,,,,,,,
26-2-2021,A Winged Victory for the Sullen,Invisible Cities,, ,,,,,,,,,,,,,,,,,,,,,,,,,,,,
5-3-2021,A Day to Remember,You're Welcome,HARD,"6,3",,,,,"6,5",,,6,,,,"6,5",,,,,,,,,,,,,,,,
5-3-2021,Arab Strap ,As Days Get Dark,, ,,,,,,,,,,,,,,,,,,,,,,,,,,,,
5-3-2021,Chevelle,Niratias,, ,,,,,,,,,,,,,,,,,,,,,,,,,,,,
5-3-2021,Genesis Owusu,Smiling with No Teeth,, ,,,,,,,,,,,,,,,,,,,,,,,,,,,,
5-3-2021,Jane Weaver,Flock,, ,,,,,,,,,,,,,,,,,,,,,,,,,,,,
5-3-2021,Kings of Leon,When You See Yourself,, ,,,,,,,,,,,,,,,,,,,,,,,,,,,,
5-3-2021,Sam De Nef,"Lonely Day, Crowded Year",ZACHT,"8,3","7,5",,,,9,,,"8,5",,,,,,,,,,,,,,,,,,,,
5-3-2021,Teenage Fanclub,Endless Arcade,, ,,,,,,,,,,,,,,,,,,,,,,,,,,,,
5-3-2021,Tigers Jaw,I Won't Care How You Remember Me,HARD,"7,3",,,,,"7,5",,,,,,,7,,,,,,,,,,,,,,,,
5-3-2021,Worriers,The Old Friends EP,HARD,"5,0",,,,,5,,,,,,,,,,,,,,,,,,,,,,,
5-3-2021,Yung Mavu,Luxury Denim (EP),, ,,,,,,,,,,,,,,,,,,,,,,,,,,,,
5-3-2021,Zara Larsson,Poster Girl,, ,,,,,,,,,,,,,,,,,,,,,,,,,,,,
12-3-2021,Harmony Woods,GRACEFUL RAGE,ZACHT,"8,8",,,,,"9,5",,,8,,,,,,,,,,,,,,,,,,,,
12-3-2021,Rob Zombie,The Lunar Injection Kool Aid Eclipse Conspiracy,,"6,5",,,,,,,,,,,,,,,,"6,5",,,,,,,,,,,,
12-3-2021,Ronnie Atkins,One Shot,,"8,5",,,,,,,,,,,,,,,,"8,5",,,,,,,,,,,,
12-3-2021,The Paper Kites,Roses,ZACHT,"8,8",,,,,"9,5",,"7,5",,9,,,9,,,,,,,,,,,,,,,,
12-3-2021,Thunder,All the right noises,,"7,5",,,,,,,,,,,,,,,,"7,5",,,,,,,,,,,,
12-3-2021,Slope,Street Heat,HARD,"7,5",,,,,"7,5",,,,,,,,,,,,,,,,,,,,,,,
14-3-2021,Captain Kaiser,The Drovers Inn,HARD,"7,8",,,,,8,,"7,5",,8,,,,,,,,,,,,,,,,,,,
19-3-2021,"Benny The Butcher, Harry Fraud",The Plugs I Met 2,, ,,,,,,,,,,,,,,,,,,,,,,,,,,,,
19-3-2021,Justin Bieber,Justice,,"7,3","7,5",,,,,,,,,,,,,,,,,7,,,,,,,,,,
19-3-2021,Kshmr,Harmonica Andromeda,, ,,,,,,,,,,,,,,,,,,,,,,,,,,,,
19-3-2021,Lana Del Rey,Chemtrails Over The Country Club,ZACHT,"8,0","8,5",,,,,,"6,5",,,,,9,,,,,,8,,,,,,,,,,
19-3-2021,Loretta Lynn,Still Woman Enough,, ,,,,,,,,,,,,,,,,,,,,,,,,,,,,
19-3-2021,Ringo Starr,Zoom In (EP),, ,,,,,,,,,,,,,,,,,,,,,,,,,,,,
19-3-2021,Saxon,inspirations'cover album,, ,,,,,,,,,,,,,,,,,,,,,,,,,,,,
19-3-2021,Sting,Duets,, ,,,,,,,,,,,,,,,,,,,,,,,,,,,,
19-3-2021,Ziggy Alberts,Searching for Freedom,, ,,,,,,,,,,,,,,,,,,,,,,,,,,,,
19-3-2021,Peet,Mignon,DANS,"7,5",,,,,"7,5",,,,,,,,,,,,,,,,,,,,,,,
19-3-2021,Black Honey,Written & Directed,,"8,0",,,,,8,,,,,,,,,,,,,,,,,,,,,,,
19-3-2021,Magnolia Park,Dream Eater (EP),HARD,"7,5",,,,,"7,5",,,,,,,,,,,,,,,,,,,,,,,
21-3-2021,Thunder,All the Right Noises,, ,,,,,,,,,,,,,,,,,,,,,,,,,,,,
26-3-2021,AJR,OK Orchestra,, ,,,,,,,,,,,,,,,,,,,,,,,,,,,,
26-3-2021,Ben Howard,Collections from the whiteout,ZACHT,"8,0","8,5",,,,,,,,,,,"7,5",,,,,,,,,,,,,,,,
26-3-2021,Carrie Underwood,My Savior,, ,,,,,,,,,,,,,,,,,,,,,,,,,,,,
26-3-2021,Citizen,Life In Your Glass World,HARD,"7,8",,,,,8,,,,,,,"7,5",,,,,,,,,,,,,,,,
26-3-2021,Dodie,Build a Problem,, ,,,,,,,,,,,,,,,,,,,,,,,,,,,,
26-3-2021,Evanescence,The Bitter Truth,,"8,0",,,,,,,,,,,,,,,,8,,,,,,,,,,,,
26-3-2021,Floating Points x Pharoah Sanders ,Promises,,"9,5",10,,,,,,9,,,,,,,,,,,,,,,,,,,,,
26-3-2021,Hannah Peel,Fir Wave,, ,,,,,,,,,,,,,,,,,,,,,,,,,,,,
26-3-2021,L'Impératrice,Tako Tsubo,, ,,,,,,,,,,,,,,,,,,,,,,,,,,,,
26-3-2021,serpentwithfeet,DEACON,, ,,,,,,,,,,,,,,,,,,,,,,,,,,,,
26-3-2021,The Antlers,Green to Gold,, ,,,,,,,,,,,,,,,,,,,,,,,,,,,,
26-3-2021,Tomahawk,Tonic immobility,, ,,,,,,,,,,,,,,,,,,,,,,,,,,,,
26-3-2021,Xiu Xiu,Oh no,, ,,,,,,,,,,,,,,,,,,,,,,,,,,,,
26-3-2021,Armand Hammer & The Alchemist ,Haram,,"8,5","8,5",,,,,,,,,,,,,,,,,,,,,,,,,,,
29-03-2021,Nils Frahm,Graz,, ,,,,,,,,,,,,,,,,,,,,,,,,,,,,
31-3-2021,Quadeca,FROM ME TO YOU,, ,,,,,,,,,,,,,,,,,,,,,,,,,,,,
1-4-2021,Ratboys,"Happy Birthday, Ratboy",ZACHT, ,,,,,,,,,,,,,,,,,,,,,,,,,,,,
2-4-2021,Glasvegas,Godspeed,, ,,,,,,,,,,,,,,,,,,,,,,,,,,,,
2-4-2021,Godspeed You! Black Emperor ,G_d's Pee AT STATE'S END!,, ,,,,,,,,,,,,,,,,,,,,,,,,,,,,
2-4-2021,Hit Like a Girl,Heart Racer,, ,,,,,,,,,,,,,,,,,,,,,,,,,,,,
9-4-2021,London Grammar,Californian Soil,ZACHT, ,,,,,,,,,,,,,,,,,,,,,,,,,,,,
9-4-2021,Taylor Swift,Fearless,, ,,,,,,,,,,,,,,,,,,,,,,,,,,,,
9-4-2021,Brockhampton,"Roadrunner: New Light, New Machine ",, ,,,,,,,,,,,,,,,,,,,,,,,,,,,,
16-4-2021,Greta van Fleet,Anthem of the Peaceful Army,, ,,,,,,,,,,,,,,,,,,,,,,,,,,,,
16-4-2021,Holding Absence,The Greatest Mistake of My Life,HARD, ,,,,,,,,,,,,,,,,,,,,,,,,,,,,
16-4-2021,Josh Radnor,One More Then I'll Let You Go (EP),, ,,,,,,,,,,,,,,,,,,,,,,,,,,,,
16-4-2021,Andy Stott,Never the Right Time,, ,,,,,,,,,,,,,,,,,,,,,,,,,,,,
21-4-2021,Cesar Quinn,Opal,, ,,,,,,,,,,,,,,,,,,,,,,,,,,,,
23-4-2021,Dans Dans,Zink,, ,,,,,,,,,,,,,,,,,,,,,,,,,,,,
23-4-2021,Tom Jones,Surrounded by Time,, ,,,,,,,,,,,,,,,,,,,,,,,,,,,,
29-4-2021,Off the Cross,Enjoy it while it lasts,, ,,,,,,,,,,,,,,,,,,,,,,,,,,,,
30-4-2021,Amy Shark,Cry Forever,, ,,,,,,,,,,,,,,,,,,,,,,,,,,,,
30-4-2021,girl in red,if i could make it go quiet,, ,,,,,,,,,,,,,,,,,,,,,,,,,,,,
30-4-2021,Royal Blood,Typhoons,, ,,,,,,,,,,,,,,,,,,,,,,,,,,,,
30-4-2021,Origami Angel,Gami Gang,, ,,,,,,,,,,,,,,,,,,,,,,,,,,,,
5-5-2021,Voronoi,The Last Three Seconds,GEK, ,,,,,,,,,,,,,,,,,,,,,,,,,,,,
7-5-2021,Dodie,Build a Problem,ZACHT, ,,,,,,,,,,,,,,,,,,,,,,,,,,,,
7-5-2021,Weezer,Van Weezer,, ,,,,,,,,,,,,,,,,,,,,,,,,,,,,
14-5-2021,St. Vincent,Daddy's Home,, ,,,,,,,,,,,,,,,,,,,,,,,,,,,,
21-5-2021,Chai,Wink,, ,,,,,,,,,,,,,,,,,,,,,,,,,,,,
21-5-2021,Gary Numan,Intruder,, ,,,,,,,,,,,,,,,,,,,,,,,,,,,,
28-5-2021,black midi,Cavalcade,, ,,,,,,,,,,,,,,,,,,,,,,,,,,,,
4-6-2021,Japanese Breakfast,Jubilee,, ,,,,,,,,,,,,,,,,,,,,,,,,,,,,
4-6-2021,Easy Life,Life's A Beach,, ,,,,,,,,,,,,,,,,,,,,,,,,,,,,
18-6-2021,helloween,,HARD, ,,,,,,,,,,,,,,,,,,,,,,,,,,,,
18-6-2021,Whispering Sons,Several Others,, ,,,,,,,,,,,,,,,,,,,,,,,,,,,,
9-7-2021,DZ Deathrays,Positive Rising: Part 2,, ,,,,,,,,,,,,,,,,,,,,,,,,,,,,
,Drive Like I Do (The 1975),Drive Like I Do,, ,,,,,,,,,,,,,,,,,,,,,,,,,,,,
,Danny Brown,XXXX,, ,,,,,,,,,,,,,,,,,,,,,,,,,,,,
,Darkside ,Spiral,, ,,,,,,,,,,,,,,,,,,,,,,,,,,,,
,Die Antwoord,27,, ,,,,,,,,,,,,,,,,,,,,,,,,,,,,
,Drake,Certified Lover Boy,, ,,,,,,,,,,,,,,,,,,,,,,,,,,,,
,Kid Cudi,Entergalactic,, ,,,,,,,,,,,,,,,,,,,,,,,,,,,,
,Lake Suburbia,Supine,DANS, ,,,,,,,,,,,,,,,,,,,,,,,,,,,,
,Lorde,LP 3,, ,,,,,,,,,,,,,,,,,,,,,,,,,,,,
,Mechina,Siegé,, ,,,,,,,,,,,,,,,,,,,,,,,,,,,,
,Mitski,This is where we fall,, ,,,,,,,,,,,,,,,,,,,,,,,,,,,,
,One step closer,This place your know,HARD, ,,,,,,,,,,,,,,,,,,,,,,,,,,,,
,Travis Scott,Utopia,, ,,,,,,,,,,,,,,,,,,,,,,,,,,,,
,Ziel-Dwang & Lake Suburbia,Berkenhof,GEK, ,,,,,,,,,,,,,,,,,,,,,,,,,,,,
,,,, ,,,,,,,,,,,,,,,,,,,,,,,,,,,,
,,,, ,,,,,,,,,,,,,,,,,,,,,,,,,,,,
,,,, ,,,,,,,,,,,,,,,,,,,,,,,,,,,,
,,,, ,,,,,,,,,,,,,,,,,,,,,,,,,,,,
,,,, ,,,,,,,,,,,,,,,,,,,,,,,,,,,,
,,,, ,,,,,,,,,,,,,,,,,,,,,,,,,,,,
,,,, ,,,,,,,,,,,,,,,,,,,,,,,,,,,,
,,,, ,,,,,,,,,,,,,,,,,,,,,,,,,,,,
,,,, ,,,,,,,,,,,,,,,,,,,,,,,,,,,,
,,,, ,,,,,,,,,,,,,,,,,,,,,,,,,,,,
,,,, ,,,,,,,,,,,,,,,,,,,,,,,,,,,,
,,,, ,,,,,,,,,,,,,,,,,,,,,,,,,,,,
,,,, ,,,,,,,,,,,,,,,,,,,,,,,,,,,,
,,,, ,,,,,,,,,,,,,,,,,,,,,,,,,,,,
,,,, ,,,,,,,,,,,,,,,,,,,,,,,,,,,,
,,,, ,,,,,,,,,,,,,,,,,,,,,,,,,,,,
,,,, ,,,,,,,,,,,,,,,,,,,,,,,,,,,,
,,,, ,,,,,,,,,,,,,,,,,,,,,,,,,,,,
,,,, ,,,,,,,,,,,,,,,,,,,,,,,,,,,,
,,,, ,,,,,,,,,,,,,,,,,,,,,,,,,,,,
,,,, ,,,,,,,,,,,,,,,,,,,,,,,,,,,,
,,,, ,,,,,,,,,,,,,,,,,,,,,,,,,,,,
,,,, ,,,,,,,,,,,,,,,,,,,,,,,,,,,,
,,,, ,,,,,,,,,,,,,,,,,,,,,,,,,,,,
,,,, ,,,,,,,,,,,,,,,,,,,,,,,,,,,,
,,,, ,,,,,,,,,,,,,,,,,,,,,,,,,,,,
,,,, ,,,,,,,,,,,,,,,,,,,,,,,,,,,,
,,,, ,,,,,,,,,,,,,,,,,,,,,,,,,,,,
,,,, ,,,,,,,,,,,,,,,,,,,,,,,,,,,,
,,,, ,,,,,,,,,,,,,,,,,,,,,,,,,,,,
,,,, ,,,,,,,,,,,,,,,,,,,,,,,,,,,,
,,,, ,,,,,,,,,,,,,,,,,,,,,,,,,,,,
,,,, ,,,,,,,,,,,,,,,,,,,,,,,,,,,,
,,,, ,,,,,,,,,,,,,,,,,,,,,,,,,,,,
,,,, ,,,,,,,,,,,,,,,,,,,,,,,,,,,,
,,,, ,,,,,,,,,,,,,,,,,,,,,,,,,,,,
,,,, ,,,,,,,,,,,,,,,,,,,,,,,,,,,,
,,,, ,,,,,,,,,,,,,,,,,,,,,,,,,,,,
,,,, ,,,,,,,,,,,,,,,,,,,,,,,,,,,,
,,,, ,,,,,,,,,,,,,,,,,,,,,,,,,,,,
,,,, ,,,,,,,,,,,,,,,,,,,,,,,,,,,,
,,,, ,,,,,,,,,,,,,,,,,,,,,,,,,,,,
,,,, ,,,,,,,,,,,,,,,,,,,,,,,,,,,,
,,,, ,,,,,,,,,,,,,,,,,,,,,,,,,,,,
,,,, ,,,,,,,,,,,,,,,,,,,,,,,,,,,,
,,,, ,,,,,,,,,,,,,,,,,,,,,,,,,,,,
,,,, ,,,,,,,,,,,,,,,,,,,,,,,,,,,,
,,,, ,,,,,,,,,,,,,,,,,,,,,,,,,,,,
,,,, ,,,,,,,,,,,,,,,,,,,,,,,,,,,,
,,,, ,,,,,,,,,,,,,,,,,,,,,,,,,,,,
,,,, ,,,,,,,,,,,,,,,,,,,,,,,,,,,,
,,,, ,,,,,,,,,,,,,,,,,,,,,,,,,,,,
,,,, ,,,,,,,,,,,,,,,,,,,,,,,,,,,,
,,,, ,,,,,,,,,,,,,,,,,,,,,,,,,,,,
,,,, ,,,,,,,,,,,,,,,,,,,,,,,,,,,,
,,,, ,,,,,,,,,,,,,,,,,,,,,,,,,,,,
,,,, ,,,,,,,,,,,,,,,,,,,,,,,,,,,,
,,,, ,,,,,,,,,,,,,,,,,,,,,,,,,,,,
,,,, ,,,,,,,,,,,,,,,,,,,,,,,,,,,,
,,,, ,,,,,,,,,,,,,,,,,,,,,,,,,,,,
,,,, ,,,,,,,,,,,,,,,,,,,,,,,,,,,,
,,,, ,,,,,,,,,,,,,,,,,,,,,,,,,,,,
,,,, ,,,,,,,,,,,,,,,,,,,,,,,,,,,,
,,,, ,,,,,,,,,,,,,,,,,,,,,,,,,,,,
,,,, ,,,,,,,,,,,,,,,,,,,,,,,,,,,,
,,,, ,,,,,,,,,,,,,,,,,,,,,,,,,,,,
,,,, ,,,,,,,,,,,,,,,,,,,,,,,,,,,,
,,,, ,,,,,,,,,,,,,,,,,,,,,,,,,,,,
,,,, ,,,,,,,,,,,,,,,,,,,,,,,,,,,,
,,,, ,,,,,,,,,,,,,,,,,,,,,,,,,,,,
,,,, ,,,,,,,,,,,,,,,,,,,,,,,,,,,,
,,,, ,,,,,,,,,,,,,,,,,,,,,,,,,,,,
,,,, ,,,,,,,,,,,,,,,,,,,,,,,,,,,,
,,,, ,,,,,,,,,,,,,,,,,,,,,,,,,,,,
,,,, ,,,,,,,,,,,,,,,,,,,,,,,,,,,,
,,,, ,,,,,,,,,,,,,,,,,,,,,,,,,,,,
,,,, ,,,,,,,,,,,,,,,,,,,,,,,,,,,,
,,,, ,,,,,,,,,,,,,,,,,,,,,,,,,,,,
,,,, ,,,,,,,,,,,,,,,,,,,,,,,,,,,,
,,,, ,,,,,,,,,,,,,,,,,,,,,,,,,,,,
,,,, ,,,,,,,,,,,,,,,,,,,,,,,,,,,,
,,,, ,,,,,,,,,,,,,,,,,,,,,,,,,,,,
,,,, ,,,,,,,,,,,,,,,,,,,,,,,,,,,,
,,,, ,,,,,,,,,,,,,,,,,,,,,,,,,,,,
,,,, ,,,,,,,,,,,,,,,,,,,,,,,,,,,,
,,,, ,,,,,,,,,,,,,,,,,,,,,,,,,,,,
,,,, ,,,,,,,,,,,,,,,,,,,,,,,,,,,,
,,,, ,,,,,,,,,,,,,,,,,,,,,,,,,,,,
,,,, ,,,,,,,,,,,,,,,,,,,,,,,,,,,,
,,,, ,,,,,,,,,,,,,,,,,,,,,,,,,,,,
,,,, ,,,,,,,,,,,,,,,,,,,,,,,,,,,,
,,,, ,,,,,,,,,,,,,,,,,,,,,,,,,,,,
,,,, ,,,,,,,,,,,,,,,,,,,,,,,,,,,,
,,,, ,,,,,,,,,,,,,,,,,,,,,,,,,,,,
,,,, ,,,,,,,,,,,,,,,,,,,,,,,,,,,,
,,,, ,,,,,,,,,,,,,,,,,,,,,,,,,,,,
,,,, ,,,,,,,,,,,,,,,,,,,,,,,,,,,,
,,,, ,,,,,,,,,,,,,,,,,,,,,,,,,,,,
,,,, ,,,,,,,,,,,,,,,,,,,,,,,,,,,,
,,,, ,,,,,,,,,,,,,,,,,,,,,,,,,,,,
,,,, ,,,,,,,,,,,,,,,,,,,,,,,,,,,,
,,,, ,,,,,,,,,,,,,,,,,,,,,,,,,,,,
,,,, ,,,,,,,,,,,,,,,,,,,,,,,,,,,,
,,,, ,,,,,,,,,,,,,,,,,,,,,,,,,,,,
,,,, ,,,,,,,,,,,,,,,,,,,,,,,,,,,,
,,,, ,,,,,,,,,,,,,,,,,,,,,,,,,,,,
,,,, ,,,,,,,,,,,,,,,,,,,,,,,,,,,,
,,,, ,,,,,,,,,,,,,,,,,,,,,,,,,,,,
,,,, ,,,,,,,,,,,,,,,,,,,,,,,,,,,,
,,,, ,,,,,,,,,,,,,,,,,,,,,,,,,,,,
,,,, ,,,,,,,,,,,,,,,,,,,,,,,,,,,,
,,,, ,,,,,,,,,,,,,,,,,,,,,,,,,,,,
,,,, ,,,,,,,,,,,,,,,,,,,,,,,,,,,,
,,,, ,,,,,,,,,,,,,,,,,,,,,,,,,,,,
,,,, ,,,,,,,,,,,,,,,,,,,,,,,,,,,,
,,,, ,,,,,,,,,,,,,,,,,,,,,,,,,,,,
,,,, ,,,,,,,,,,,,,,,,,,,,,,,,,,,,
,,,, ,,,,,,,,,,,,,,,,,,,,,,,,,,,,
,,,, ,,,,,,,,,,,,,,,,,,,,,,,,,,,,
,,,, ,,,,,,,,,,,,,,,,,,,,,,,,,,,,
,,,, ,,,,,,,,,,,,,,,,,,,,,,,,,,,,
,,,, ,,,,,,,,,,,,,,,,,,,,,,,,,,,,
,,,, ,,,,,,,,,,,,,,,,,,,,,,,,,,,,
,,,, ,,,,,,,,,,,,,,,,,,,,,,,,,,,,
,,,, ,,,,,,,,,,,,,,,,,,,,,,,,,,,,
,,,, ,,,,,,,,,,,,,,,,,,,,,,,,,,,,
,,,, ,,,,,,,,,,,,,,,,,,,,,,,,,,,,
,,,, ,,,,,,,,,,,,,,,,,,,,,,,,,,,,
,,,, ,,,,,,,,,,,,,,,,,,,,,,,,,,,,
,,,, ,,,,,,,,,,,,,,,,,,,,,,,,,,,,
,,,, ,,,,,,,,,,,,,,,,,,,,,,,,,,,,
,,,, ,,,,,,,,,,,,,,,,,,,,,,,,,,,,
,,,, ,,,,,,,,,,,,,,,,,,,,,,,,,,,,
,,,, ,,,,,,,,,,,,,,,,,,,,,,,,,,,,
,,,, ,,,,,,,,,,,,,,,,,,,,,,,,,,,,
,,,, ,,,,,,,,,,,,,,,,,,,,,,,,,,,,
,,,, ,,,,,,,,,,,,,,,,,,,,,,,,,,,,
,,,, ,,,,,,,,,,,,,,,,,,,,,,,,,,,,
,,,, ,,,,,,,,,,,,,,,,,,,,,,,,,,,,
,,,, ,,,,,,,,,,,,,,,,,,,,,,,,,,,,
,,,, ,,,,,,,,,,,,,,,,,,,,,,,,,,,,
,,,, ,,,,,,,,,,,,,,,,,,,,,,,,,,,,
,,,, ,,,,,,,,,,,,,,,,,,,,,,,,,,,,
,,,, ,,,,,,,,,,,,,,,,,,,,,,,,,,,,
,,,, ,,,,,,,,,,,,,,,,,,,,,,,,,,,,
,,,, ,,,,,,,,,,,,,,,,,,,,,,,,,,,,
,,,, ,,,,,,,,,,,,,,,,,,,,,,,,,,,,
,,,, ,,,,,,,,,,,,,,,,,,,,,,,,,,,,
,,,, ,,,,,,,,,,,,,,,,,,,,,,,,,,,,
,,,, ,,,,,,,,,,,,,,,,,,,,,,,,,,,,
,,,, ,,,,,,,,,,,,,,,,,,,,,,,,,,,,
,,,, ,,,,,,,,,,,,,,,,,,,,,,,,,,,,
,,,, ,,,,,,,,,,,,,,,,,,,,,,,,,,,,
,,,, ,,,,,,,,,,,,,,,,,,,,,,,,,,,,
,,,, ,,,,,,,,,,,,,,,,,,,,,,,,,,,,
,,,, ,,,,,,,,,,,,,,,,,,,,,,,,,,,,
,,,, ,,,,,,,,,,,,,,,,,,,,,,,,,,,,
,,,, ,,,,,,,,,,,,,,,,,,,,,,,,,,,,
,,,, ,,,,,,,,,,,,,,,,,,,,,,,,,,,,
,,,, ,,,,,,,,,,,,,,,,,,,,,,,,,,,,
,,,, ,,,,,,,,,,,,,,,,,,,,,,,,,,,,
,,,, ,,,,,,,,,,,,,,,,,,,,,,,,,,,,
,,,, ,,,,,,,,,,,,,,,,,,,,,,,,,,,,
,,,, ,,,,,,,,,,,,,,,,,,,,,,,,,,,,
,,,, ,,,,,,,,,,,,,,,,,,,,,,,,,,,,
,,,, ,,,,,,,,,,,,,,,,,,,,,,,,,,,,
,,,, ,,,,,,,,,,,,,,,,,,,,,,,,,,,,
,,,, ,,,,,,,,,,,,,,,,,,,,,,,,,,,,
,,,, ,,,,,,,,,,,,,,,,,,,,,,,,,,,,
,,,, ,,,,,,,,,,,,,,,,,,,,,,,,,,,,
,,,, ,,,,,,,,,,,,,,,,,,,,,,,,,,,,
,,,, ,,,,,,,,,,,,,,,,,,,,,,,,,,,,
,,,, ,,,,,,,,,,,,,,,,,,,,,,,,,,,,
,,,, ,,,,,,,,,,,,,,,,,,,,,,,,,,,,
,,,, ,,,,,,,,,,,,,,,,,,,,,,,,,,,,
,,,, ,,,,,,,,,,,,,,,,,,,,,,,,,,,,
,,,, ,,,,,,,,,,,,,,,,,,,,,,,,,,,,
,,,, ,,,,,,,,,,,,,,,,,,,,,,,,,,,,
,,,, ,,,,,,,,,,,,,,,,,,,,,,,,,,,,
,,,, ,,,,,,,,,,,,,,,,,,,,,,,,,,,,
,,,, ,,,,,,,,,,,,,,,,,,,,,,,,,,,,
,,,, ,,,,,,,,,,,,,,,,,,,,,,,,,,,,
,,,, ,,,,,,,,,,,,,,,,,,,,,,,,,,,,
,,,, ,,,,,,,,,,,,,,,,,,,,,,,,,,,,
,,,, ,,,,,,,,,,,,,,,,,,,,,,,,,,,,
,,,, ,,,,,,,,,,,,,,,,,,,,,,,,,,,,
,,,, ,,,,,,,,,,,,,,,,,,,,,,,,,,,,
,,,, ,,,,,,,,,,,,,,,,,,,,,,,,,,,,
,,,, ,,,,,,,,,,,,,,,,,,,,,,,,,,,,
,,,, ,,,,,,,,,,,,,,,,,,,,,,,,,,,,
,,,, ,,,,,,,,,,,,,,,,,,,,,,,,,,,,
,,,, ,,,,,,,,,,,,,,,,,,,,,,,,,,,,
,,,, ,,,,,,,,,,,,,,,,,,,,,,,,,,,,
,,,, ,,,,,,,,,,,,,,,,,,,,,,,,,,,,
,,,, ,,,,,,,,,,,,,,,,,,,,,,,,,,,,
,,,, ,,,,,,,,,,,,,,,,,,,,,,,,,,,,
,,,, ,,,,,,,,,,,,,,,,,,,,,,,,,,,,
,,,, ,,,,,,,,,,,,,,,,,,,,,,,,,,,,
,,,, ,,,,,,,,,,,,,,,,,,,,,,,,,,,,
,,,, ,,,,,,,,,,,,,,,,,,,,,,,,,,,,
,,,, ,,,,,,,,,,,,,,,,,,,,,,,,,,,,
,,,, ,,,,,,,,,,,,,,,,,,,,,,,,,,,,
,,,, ,,,,,,,,,,,,,,,,,,,,,,,,,,,,
,,,, ,,,,,,,,,,,,,,,,,,,,,,,,,,,,
,,,, ,,,,,,,,,,,,,,,,,,,,,,,,,,,,
,,,, ,,,,,,,,,,,,,,,,,,,,,,,,,,,,
,,,, ,,,,,,,,,,,,,,,,,,,,,,,,,,,,
,,,, ,,,,,,,,,,,,,,,,,,,,,,,,,,,,
,,,, ,,,,,,,,,,,,,,,,,,,,,,,,,,,,
,,,, ,,,,,,,,,,,,,,,,,,,,,,,,,,,,
,,,, ,,,,,,,,,,,,,,,,,,,,,,,,,,,,
,,,, ,,,,,,,,,,,,,,,,,,,,,,,,,,,,
,,,, ,,,,,,,,,,,,,,,,,,,,,,,,,,,,
,,,, ,,,,,,,,,,,,,,,,,,,,,,,,,,,,
,,,, ,,,,,,,,,,,,,,,,,,,,,,,,,,,,
,,,, ,,,,,,,,,,,,,,,,,,,,,,,,,,,,
,,,, ,,,,,,,,,,,,,,,,,,,,,,,,,,,,
,,,, ,,,,,,,,,,,,,,,,,,,,,,,,,,,,
,,,, ,,,,,,,,,,,,,,,,,,,,,,,,,,,,
,,,, ,,,,,,,,,,,,,,,,,,,,,,,,,,,,
,,,, ,,,,,,,,,,,,,,,,,,,,,,,,,,,,
,,,, ,,,,,,,,,,,,,,,,,,,,,,,,,,,,
,,,, ,,,,,,,,,,,,,,,,,,,,,,,,,,,,
,,,, ,,,,,,,,,,,,,,,,,,,,,,,,,,,,
,,,, ,,,,,,,,,,,,,,,,,,,,,,,,,,,,
,,,, ,,,,,,,,,,,,,,,,,,,,,,,,,,,,
,,,, ,,,,,,,,,,,,,,,,,,,,,,,,,,,,
,,,, ,,,,,,,,,,,,,,,,,,,,,,,,,,,,
,,,, ,,,,,,,,,,,,,,,,,,,,,,,,,,,,
,,,, ,,,,,,,,,,,,,,,,,,,,,,,,,,,,
,,,, ,,,,,,,,,,,,,,,,,,,,,,,,,,,,
,,,, ,,,,,,,,,,,,,,,,,,,,,,,,,,,,
,,,, ,,,,,,,,,,,,,,,,,,,,,,,,,,,,
,,,, ,,,,,,,,,,,,,,,,,,,,,,,,,,,,
,,,, ,,,,,,,,,,,,,,,,,,,,,,,,,,,,
,,,, ,,,,,,,,,,,,,,,,,,,,,,,,,,,,
,,,, ,,,,,,,,,,,,,,,,,,,,,,,,,,,,
,,,, ,,,,,,,,,,,,,,,,,,,,,,,,,,,,
,,,, ,,,,,,,,,,,,,,,,,,,,,,,,,,,,
,,,, ,,,,,,,,,,,,,,,,,,,,,,,,,,,,
,,,, ,,,,,,,,,,,,,,,,,,,,,,,,,,,,
,,,, ,,,,,,,,,,,,,,,,,,,,,,,,,,,,
,,,, ,,,,,,,,,,,,,,,,,,,,,,,,,,,,
,,,, ,,,,,,,,,,,,,,,,,,,,,,,,,,,,
,,,, ,,,,,,,,,,,,,,,,,,,,,,,,,,,,
,,,, ,,,,,,,,,,,,,,,,,,,,,,,,,,,,
,,,, ,,,,,,,,,,,,,,,,,,,,,,,,,,,,
,,,, ,,,,,,,,,,,,,,,,,,,,,,,,,,,,
,,,, ,,,,,,,,,,,,,,,,,,,,,,,,,,,,
,,,, ,,,,,,,,,,,,,,,,,,,,,,,,,,,,
,,,, ,,,,,,,,,,,,,,,,,,,,,,,,,,,,
,,,, ,,,,,,,,,,,,,,,,,,,,,,,,,,,,
,,,, ,,,,,,,,,,,,,,,,,,,,,,,,,,,,
,,,, ,,,,,,,,,,,,,,,,,,,,,,,,,,,,
,,,, ,,,,,,,,,,,,,,,,,,,,,,,,,,,,
,,,, ,,,,,,,,,,,,,,,,,,,,,,,,,,,,
,,,, ,,,,,,,,,,,,,,,,,,,,,,,,,,,,
,,,, ,,,,,,,,,,,,,,,,,,,,,,,,,,,,
,,,, ,,,,,,,,,,,,,,,,,,,,,,,,,,,,
,,,, ,,,,,,,,,,,,,,,,,,,,,,,,,,,,
,,,, ,,,,,,,,,,,,,,,,,,,,,,,,,,,,
,,,, ,,,,,,,,,,,,,,,,,,,,,,,,,,,,
,,,, ,,,,,,,,,,,,,,,,,,,,,,,,,,,,
,,,, ,,,,,,,,,,,,,,,,,,,,,,,,,,,,
,,,, ,,,,,,,,,,,,,,,,,,,,,,,,,,,,
,,,, ,,,,,,,,,,,,,,,,,,,,,,,,,,,,
,,,, ,,,,,,,,,,,,,,,,,,,,,,,,,,,,
,,,, ,,,,,,,,,,,,,,,,,,,,,,,,,,,,
,,,, ,,,,,,,,,,,,,,,,,,,,,,,,,,,,
,,,, ,,,,,,,,,,,,,,,,,,,,,,,,,,,,
,,,, ,,,,,,,,,,,,,,,,,,,,,,,,,,,,
,,,, ,,,,,,,,,,,,,,,,,,,,,,,,,,,,
,,,, ,,,,,,,,,,,,,,,,,,,,,,,,,,,,
,,,, ,,,,,,,,,,,,,,,,,,,,,,,,,,,,
,,,, ,,,,,,,,,,,,,,,,,,,,,,,,,,,,
,,,, ,,,,,,,,,,,,,,,,,,,,,,,,,,,,
,,,, ,,,,,,,,,,,,,,,,,,,,,,,,,,,,
,,,, ,,,,,,,,,,,,,,,,,,,,,,,,,,,,
,,,, ,,,,,,,,,,,,,,,,,,,,,,,,,,,,
,,,, ,,,,,,,,,,,,,,,,,,,,,,,,,,,,
,,,, ,,,,,,,,,,,,,,,,,,,,,,,,,,,,
,,,, ,,,,,,,,,,,,,,,,,,,,,,,,,,,,
,,,, ,,,,,,,,,,,,,,,,,,,,,,,,,,,,
,,,, ,,,,,,,,,,,,,,,,,,,,,,,,,,,,
,,,, ,,,,,,,,,,,,,,,,,,,,,,,,,,,,
,,,, ,,,,,,,,,,,,,,,,,,,,,,,,,,,,
,,,, ,,,,,,,,,,,,,,,,,,,,,,,,,,,,
,,,, ,,,,,,,,,,,,,,,,,,,,,,,,,,,,
,,,, ,,,,,,,,,,,,,,,,,,,,,,,,,,,,
,,,, ,,,,,,,,,,,,,,,,,,,,,,,,,,,,
,,,, ,,,,,,,,,,,,,,,,,,,,,,,,,,,,
,,,, ,,,,,,,,,,,,,,,,,,,,,,,,,,,,
,,,, ,,,,,,,,,,,,,,,,,,,,,,,,,,,,
,,,, ,,,,,,,,,,,,,,,,,,,,,,,,,,,,
,,,, ,,,,,,,,,,,,,,,,,,,,,,,,,,,,
,,,, ,,,,,,,,,,,,,,,,,,,,,,,,,,,,
,,,, ,,,,,,,,,,,,,,,,,,,,,,,,,,,,
,,,, ,,,,,,,,,,,,,,,,,,,,,,,,,,,,
,,,, ,,,,,,,,,,,,,,,,,,,,,,,,,,,,
,,,, ,,,,,,,,,,,,,,,,,,,,,,,,,,,,
,,,, ,,,,,,,,,,,,,,,,,,,,,,,,,,,,
,,,, ,,,,,,,,,,,,,,,,,,,,,,,,,,,,
,,,, ,,,,,,,,,,,,,,,,,,,,,,,,,,,,
,,,, ,,,,,,,,,,,,,,,,,,,,,,,,,,,,
,,,, ,,,,,,,,,,,,,,,,,,,,,,,,,,,,
,,,, ,,,,,,,,,,,,,,,,,,,,,,,,,,,,
,,,, ,,,,,,,,,,,,,,,,,,,,,,,,,,,,
,,,, ,,,,,,,,,,,,,,,,,,,,,,,,,,,,
,,,, ,,,,,,,,,,,,,,,,,,,,,,,,,,,,
,,,, ,,,,,,,,,,,,,,,,,,,,,,,,,,,,
,,,, ,,,,,,,,,,,,,,,,,,,,,,,,,,,,
,,,, ,,,,,,,,,,,,,,,,,,,,,,,,,,,,
,,,, ,,,,,,,,,,,,,,,,,,,,,,,,,,,,
,,,, ,,,,,,,,,,,,,,,,,,,,,,,,,,,,
,,,, ,,,,,,,,,,,,,,,,,,,,,,,,,,,,
,,,, ,,,,,,,,,,,,,,,,,,,,,,,,,,,,
,,,, ,,,,,,,,,,,,,,,,,,,,,,,,,,,,
,,,, ,,,,,,,,,,,,,,,,,,,,,,,,,,,,
,,,, ,,,,,,,,,,,,,,,,,,,,,,,,,,,,
,,,, ,,,,,,,,,,,,,,,,,,,,,,,,,,,,
,,,, ,,,,,,,,,,,,,,,,,,,,,,,,,,,,
,,,, ,,,,,,,,,,,,,,,,,,,,,,,,,,,,
,,,, ,,,,,,,,,,,,,,,,,,,,,,,,,,,,
,,,, ,,,,,,,,,,,,,,,,,,,,,,,,,,,,
,,,, ,,,,,,,,,,,,,,,,,,,,,,,,,,,,
,,,, ,,,,,,,,,,,,,,,,,,,,,,,,,,,,
,,,, ,,,,,,,,,,,,,,,,,,,,,,,,,,,,
,,,, ,,,,,,,,,,,,,,,,,,,,,,,,,,,,
,,,, ,,,,,,,,,,,,,,,,,,,,,,,,,,,,
,,,, ,,,,,,,,,,,,,,,,,,,,,,,,,,,,
,,,, ,,,,,,,,,,,,,,,,,,,,,,,,,,,,
,,,, ,,,,,,,,,,,,,,,,,,,,,,,,,,,,
,,,, ,,,,,,,,,,,,,,,,,,,,,,,,,,,,
,,,, ,,,,,,,,,,,,,,,,,,,,,,,,,,,,
,,,, ,,,,,,,,,,,,,,,,,,,,,,,,,,,,
,,,, ,,,,,,,,,,,,,,,,,,,,,,,,,,,,
,,,, ,,,,,,,,,,,,,,,,,,,,,,,,,,,,
,,,, ,,,,,,,,,,,,,,,,,,,,,,,,,,,,
,,,, ,,,,,,,,,,,,,,,,,,,,,,,,,,,,
,,,, ,,,,,,,,,,,,,,,,,,,,,,,,,,,,
,,,, ,,,,,,,,,,,,,,,,,,,,,,,,,,,,
,,,, ,,,,,,,,,,,,,,,,,,,,,,,,,,,,
,,,, ,,,,,,,,,,,,,,,,,,,,,,,,,,,,
,,,, ,,,,,,,,,,,,,,,,,,,,,,,,,,,,
,,,, ,,,,,,,,,,,,,,,,,,,,,,,,,,,,
,,,, ,,,,,,,,,,,,,,,,,,,,,,,,,,,,
,,,, ,,,,,,,,,,,,,,,,,,,,,,,,,,,,
,,,, ,,,,,,,,,,,,,,,,,,,,,,,,,,,,
,,,, ,,,,,,,,,,,,,,,,,,,,,,,,,,,,
,,,, ,,,,,,,,,,,,,,,,,,,,,,,,,,,,
,,,, ,,,,,,,,,,,,,,,,,,,,,,,,,,,,
,,,, ,,,,,,,,,,,,,,,,,,,,,,,,,,,,
,,,, ,,,,,,,,,,,,,,,,,,,,,,,,,,,,
,,,, ,,,,,,,,,,,,,,,,,,,,,,,,,,,,
,,,, ,,,,,,,,,,,,,,,,,,,,,,,,,,,,
,,,, ,,,,,,,,,,,,,,,,,,,,,,,,,,,,
,,,, ,,,,,,,,,,,,,,,,,,,,,,,,,,,,
,,,, ,,,,,,,,,,,,,,,,,,,,,,,,,,,,
,,,, ,,,,,,,,,,,,,,,,,,,,,,,,,,,,
,,,, ,,,,,,,,,,,,,,,,,,,,,,,,,,,,
,,,, ,,,,,,,,,,,,,,,,,,,,,,,,,,,,
,,,, ,,,,,,,,,,,,,,,,,,,,,,,,,,,,
,,,, ,,,,,,,,,,,,,,,,,,,,,,,,,,,,
,,,, ,,,,,,,,,,,,,,,,,,,,,,,,,,,,
,,,, ,,,,,,,,,,,,,,,,,,,,,,,,,,,,
,,,, ,,,,,,,,,,,,,,,,,,,,,,,,,,,,
,,,, ,,,,,,,,,,,,,,,,,,,,,,,,,,,,
,,,, ,,,,,,,,,,,,,,,,,,,,,,,,,,,,
,,,, ,,,,,,,,,,,,,,,,,,,,,,,,,,,,
,,,, ,,,,,,,,,,,,,,,,,,,,,,,,,,,,
,,,, ,,,,,,,,,,,,,,,,,,,,,,,,,,,,
,,,, ,,,,,,,,,,,,,,,,,,,,,,,,,,,,
,,,, ,,,,,,,,,,,,,,,,,,,,,,,,,,,,
,,,, ,,,,,,,,,,,,,,,,,,,,,,,,,,,,
,,,, ,,,,,,,,,,,,,,,,,,,,,,,,,,,,
,,,, ,,,,,,,,,,,,,,,,,,,,,,,,,,,,
,,,, ,,,,,,,,,,,,,,,,,,,,,,,,,,,,
,,,, ,,,,,,,,,,,,,,,,,,,,,,,,,,,,
,,,, ,,,,,,,,,,,,,,,,,,,,,,,,,,,,
,,,, ,,,,,,,,,,,,,,,,,,,,,,,,,,,,
,,,, ,,,,,,,,,,,,,,,,,,,,,,,,,,,,
,,,, ,,,,,,,,,,,,,,,,,,,,,,,,,,,,
,,,, ,,,,,,,,,,,,,,,,,,,,,,,,,,,,
,,,, ,,,,,,,,,,,,,,,,,,,,,,,,,,,,
,,,, ,,,,,,,,,,,,,,,,,,,,,,,,,,,,
,,,, ,,,,,,,,,,,,,,,,,,,,,,,,,,,,
,,,, ,,,,,,,,,,,,,,,,,,,,,,,,,,,,
,,,, ,,,,,,,,,,,,,,,,,,,,,,,,,,,,
,,,, ,,,,,,,,,,,,,,,,,,,,,,,,,,,,
,,,, ,,,,,,,,,,,,,,,,,,,,,,,,,,,,
,,,, ,,,,,,,,,,,,,,,,,,,,,,,,,,,,
,,,, ,,,,,,,,,,,,,,,,,,,,,,,,,,,,
,,,, ,,,,,,,,,,,,,,,,,,,,,,,,,,,,
,,,, ,,,,,,,,,,,,,,,,,,,,,,,,,,,,
,,,, ,,,,,,,,,,,,,,,,,,,,,,,,,,,,
,,,, ,,,,,,,,,,,,,,,,,,,,,,,,,,,,
,,,, ,,,,,,,,,,,,,,,,,,,,,,,,,,,,
,,,, ,,,,,,,,,,,,,,,,,,,,,,,,,,,,
,,,, ,,,,,,,,,,,,,,,,,,,,,,,,,,,,
,,,, ,,,,,,,,,,,,,,,,,,,,,,,,,,,,
,,,, ,,,,,,,,,,,,,,,,,,,,,,,,,,,,
,,,, ,,,,,,,,,,,,,,,,,,,,,,,,,,,,
,,,, ,,,,,,,,,,,,,,,,,,,,,,,,,,,,
,,,, ,,,,,,,,,,,,,,,,,,,,,,,,,,,,
,,,, ,,,,,,,,,,,,,,,,,,,,,,,,,,,,
,,,, ,,,,,,,,,,,,,,,,,,,,,,,,,,,,
,,,, ,,,,,,,,,,,,,,,,,,,,,,,,,,,,
,,,, ,,,,,,,,,,,,,,,,,,,,,,,,,,,,
,,,, ,,,,,,,,,,,,,,,,,,,,,,,,,,,,
,,,, ,,,,,,,,,,,,,,,,,,,,,,,,,,,,
,,,, ,,,,,,,,,,,,,,,,,,,,,,,,,,,,
,,,, ,,,,,,,,,,,,,,,,,,,,,,,,,,,,
,,,, ,,,,,,,,,,,,,,,,,,,,,,,,,,,,
,,,, ,,,,,,,,,,,,,,,,,,,,,,,,,,,,
,,,, ,,,,,,,,,,,,,,,,,,,,,,,,,,,,
,,,, ,,,,,,,,,,,,,,,,,,,,,,,,,,,,
,,,, ,,,,,,,,,,,,,,,,,,,,,,,,,,,,
,,,, ,,,,,,,,,,,,,,,,,,,,,,,,,,,,
,,,, ,,,,,,,,,,,,,,,,,,,,,,,,,,,,
,,,, ,,,,,,,,,,,,,,,,,,,,,,,,,,,,
,,,, ,,,,,,,,,,,,,,,,,,,,,,,,,,,,
,,,, ,,,,,,,,,,,,,,,,,,,,,,,,,,,,
,,,, ,,,,,,,,,,,,,,,,,,,,,,,,,,,,
,,,, ,,,,,,,,,,,,,,,,,,,,,,,,,,,,
,,,, ,,,,,,,,,,,,,,,,,,,,,,,,,,,,
,,,, ,,,,,,,,,,,,,,,,,,,,,,,,,,,,
,,,, ,,,,,,,,,,,,,,,,,,,,,,,,,,,,
,,,, ,,,,,,,,,,,,,,,,,,,,,,,,,,,,
,,,, ,,,,,,,,,,,,,,,,,,,,,,,,,,,,
,,,, ,,,,,,,,,,,,,,,,,,,,,,,,,,,,
,,,, ,,,,,,,,,,,,,,,,,,,,,,,,,,,,
,,,, ,,,,,,,,,,,,,,,,,,,,,,,,,,,,
,,,, ,,,,,,,,,,,,,,,,,,,,,,,,,,,,
,,,, ,,,,,,,,,,,,,,,,,,,,,,,,,,,,
,,,, ,,,,,,,,,,,,,,,,,,,,,,,,,,,,
,,,, ,,,,,,,,,,,,,,,,,,,,,,,,,,,,
,,,, ,,,,,,,,,,,,,,,,,,,,,,,,,,,,
,,,, ,,,,,,,,,,,,,,,,,,,,,,,,,,,,
,,,, ,,,,,,,,,,,,,,,,,,,,,,,,,,,,
,,,, ,,,,,,,,,,,,,,,,,,,,,,,,,,,,
,,,, ,,,,,,,,,,,,,,,,,,,,,,,,,,,,
,,,, ,,,,,,,,,,,,,,,,,,,,,,,,,,,,
,,,, ,,,,,,,,,,,,,,,,,,,,,,,,,,,,
,,,, ,,,,,,,,,,,,,,,,,,,,,,,,,,,,
,,,, ,,,,,,,,,,,,,,,,,,,,,,,,,,,,
,,,, ,,,,,,,,,,,,,,,,,,,,,,,,,,,,
,,,, ,,,,,,,,,,,,,,,,,,,,,,,,,,,,
,,,, ,,,,,,,,,,,,,,,,,,,,,,,,,,,,
,,,, ,,,,,,,,,,,,,,,,,,,,,,,,,,,,
,,,, ,,,,,,,,,,,,,,,,,,,,,,,,,,,,
,,,, ,,,,,,,,,,,,,,,,,,,,,,,,,,,,
,,,, ,,,,,,,,,,,,,,,,,,,,,,,,,,,,
,,,, ,,,,,,,,,,,,,,,,,,,,,,,,,,,,
,,,, ,,,,,,,,,,,,,,,,,,,,,,,,,,,,
,,,, ,,,,,,,,,,,,,,,,,,,,,,,,,,,,
,,,, ,,,,,,,,,,,,,,,,,,,,,,,,,,,,
,,,, ,,,,,,,,,,,,,,,,,,,,,,,,,,,,
,,,, ,,,,,,,,,,,,,,,,,,,,,,,,,,,,
,,,, ,,,,,,,,,,,,,,,,,,,,,,,,,,,,
,,,, ,,,,,,,,,,,,,,,,,,,,,,,,,,,,
,,,, ,,,,,,,,,,,,,,,,,,,,,,,,,,,,
,,,, ,,,,,,,,,,,,,,,,,,,,,,,,,,,,
,,,, ,,,,,,,,,,,,,,,,,,,,,,,,,,,,
,,,, ,,,,,,,,,,,,,,,,,,,,,,,,,,,,
,,,, ,,,,,,,,,,,,,,,,,,,,,,,,,,,,
,,,, ,,,,,,,,,,,,,,,,,,,,,,,,,,,,
,,,, ,,,,,,,,,,,,,,,,,,,,,,,,,,,,
,,,, ,,,,,,,,,,,,,,,,,,,,,,,,,,,,
,,,, ,,,,,,,,,,,,,,,,,,,,,,,,,,,,
,,,, ,,,,,,,,,,,,,,,,,,,,,,,,,,,,
,,,, ,,,,,,,,,,,,,,,,,,,,,,,,,,,,
,,,, ,,,,,,,,,,,,,,,,,,,,,,,,,,,,
,,,, ,,,,,,,,,,,,,,,,,,,,,,,,,,,,
,,,, ,,,,,,,,,,,,,,,,,,,,,,,,,,,,
,,,, ,,,,,,,,,,,,,,,,,,,,,,,,,,,,
,,,, ,,,,,,,,,,,,,,,,,,,,,,,,,,,,
,,,, ,,,,,,,,,,,,,,,,,,,,,,,,,,,,
,,,, ,,,,,,,,,,,,,,,,,,,,,,,,,,,,
,,,, ,,,,,,,,,,,,,,,,,,,,,,,,,,,,
,,,, ,,,,,,,,,,,,,,,,,,,,,,,,,,,,
,,,, ,,,,,,,,,,,,,,,,,,,,,,,,,,,,
,,,, ,,,,,,,,,,,,,,,,,,,,,,,,,,,,
,,,, ,,,,,,,,,,,,,,,,,,,,,,,,,,,,
,,,, ,,,,,,,,,,,,,,,,,,,,,,,,,,,,
,,,, ,,,,,,,,,,,,,,,,,,,,,,,,,,,,
,,,, ,,,,,,,,,,,,,,,,,,,,,,,,,,,,
,,,, ,,,,,,,,,,,,,,,,,,,,,,,,,,,,
,,,, ,,,,,,,,,,,,,,,,,,,,,,,,,,,,
,,,, ,,,,,,,,,,,,,,,,,,,,,,,,,,,,
,,,, ,,,,,,,,,,,,,,,,,,,,,,,,,,,,
,,,, ,,,,,,,,,,,,,,,,,,,,,,,,,,,,
,,,, ,,,,,,,,,,,,,,,,,,,,,,,,,,,,
,,,, ,,,,,,,,,,,,,,,,,,,,,,,,,,,,
,,,, ,,,,,,,,,,,,,,,,,,,,,,,,,,,,
,,,, ,,,,,,,,,,,,,,,,,,,,,,,,,,,,
,,,, ,,,,,,,,,,,,,,,,,,,,,,,,,,,,
,,,, ,,,,,,,,,,,,,,,,,,,,,,,,,,,,
,,,, ,,,,,,,,,,,,,,,,,,,,,,,,,,,,
,,,, ,,,,,,,,,,,,,,,,,,,,,,,,,,,,
,,,, ,,,,,,,,,,,,,,,,,,,,,,,,,,,,
,,,, ,,,,,,,,,,,,,,,,,,,,,,,,,,,,
,,,, ,,,,,,,,,,,,,,,,,,,,,,,,,,,,
,,,, ,,,,,,,,,,,,,,,,,,,,,,,,,,,,
,,,, ,,,,,,,,,,,,,,,,,,,,,,,,,,,,
,,,, ,,,,,,,,,,,,,,,,,,,,,,,,,,,,
,,,, ,,,,,,,,,,,,,,,,,,,,,,,,,,,,
,,,, ,,,,,,,,,,,,,,,,,,,,,,,,,,,,
,,,, ,,,,,,,,,,,,,,,,,,,,,,,,,,,,
,,,, ,,,,,,,,,,,,,,,,,,,,,,,,,,,,
,,,, ,,,,,,,,,,,,,,,,,,,,,,,,,,,,
,,,, ,,,,,,,,,,,,,,,,,,,,,,,,,,,,
,,,, ,,,,,,,,,,,,,,,,,,,,,,,,,,,,
,,,, ,,,,,,,,,,,,,,,,,,,,,,,,,,,,
,,,, ,,,,,,,,,,,,,,,,,,,,,,,,,,,,
,,,, ,,,,,,,,,,,,,,,,,,,,,,,,,,,,
,,,, ,,,,,,,,,,,,,,,,,,,,,,,,,,,,
,,,, ,,,,,,,,,,,,,,,,,,,,,,,,,,,,
,,,, ,,,,,,,,,,,,,,,,,,,,,,,,,,,,
,,,, ,,,,,,,,,,,,,,,,,,,,,,,,,,,,
,,,, ,,,,,,,,,,,,,,,,,,,,,,,,,,,,
,,,, ,,,,,,,,,,,,,,,,,,,,,,,,,,,,
,,,, ,,,,,,,,,,,,,,,,,,,,,,,,,,,,
,,,, ,,,,,,,,,,,,,,,,,,,,,,,,,,,,
,,,, ,,,,,,,,,,,,,,,,,,,,,,,,,,,,
,,,, ,,,,,,,,,,,,,,,,,,,,,,,,,,,,
,,,, ,,,,,,,,,,,,,,,,,,,,,,,,,,,,
,,,, ,,,,,,,,,,,,,,,,,,,,,,,,,,,,
,,,, ,,,,,,,,,,,,,,,,,,,,,,,,,,,,
,,,, ,,,,,,,,,,,,,,,,,,,,,,,,,,,,
,,,, ,,,,,,,,,,,,,,,,,,,,,,,,,,,,
,,,, ,,,,,,,,,,,,,,,,,,,,,,,,,,,,
,,,, ,,,,,,,,,,,,,,,,,,,,,,,,,,,,
,,,, ,,,,,,,,,,,,,,,,,,,,,,,,,,,,
,,,, ,,,,,,,,,,,,,,,,,,,,,,,,,,,,
,,,, ,,,,,,,,,,,,,,,,,,,,,,,,,,,,
,,,, ,,,,,,,,,,,,,,,,,,,,,,,,,,,,
,,,, ,,,,,,,,,,,,,,,,,,,,,,,,,,,,
,,,, ,,,,,,,,,,,,,,,,,,,,,,,,,,,,
,,,, ,,,,,,,,,,,,,,,,,,,,,,,,,,,,
,,,, ,,,,,,,,,,,,,,,,,,,,,,,,,,,,
,,,, ,,,,,,,,,,,,,,,,,,,,,,,,,,,,
,,,, ,,,,,,,,,,,,,,,,,,,,,,,,,,,,
,,,, ,,,,,,,,,,,,,,,,,,,,,,,,,,,,
,,,, ,,,,,,,,,,,,,,,,,,,,,,,,,,,,
,,,, ,,,,,,,,,,,,,,,,,,,,,,,,,,,,
,,,, ,,,,,,,,,,,,,,,,,,,,,,,,,,,,
,,,, ,,,,,,,,,,,,,,,,,,,,,,,,,,,,
,,,, ,,,,,,,,,,,,,,,,,,,,,,,,,,,,
,,,, ,,,,,,,,,,,,,,,,,,,,,,,,,,,,
,,,, ,,,,,,,,,,,,,,,,,,,,,,,,,,,,
,,,, ,,,,,,,,,,,,,,,,,,,,,,,,,,,,
,,,, ,,,,,,,,,,,,,,,,,,,,,,,,,,,,
,,,, ,,,,,,,,,,,,,,,,,,,,,,,,,,,,
,,,, ,,,,,,,,,,,,,,,,,,,,,,,,,,,,
,,,, ,,,,,,,,,,,,,,,,,,,,,,,,,,,,
,,,, ,,,,,,,,,,,,,,,,,,,,,,,,,,,,
,,,, ,,,,,,,,,,,,,,,,,,,,,,,,,,,,
,,,, ,,,,,,,,,,,,,,,,,,,,,,,,,,,,
,,,, ,,,,,,,,,,,,,,,,,,,,,,,,,,,,
,,,, ,,,,,,,,,,,,,,,,,,,,,,,,,,,,
,,,, ,,,,,,,,,,,,,,,,,,,,,,,,,,,,
,,,, ,,,,,,,,,,,,,,,,,,,,,,,,,,,,
,,,, ,,,,,,,,,,,,,,,,,,,,,,,,,,,,
,,,, ,,,,,,,,,,,,,,,,,,,,,,,,,,,,
,,,, ,,,,,,,,,,,,,,,,,,,,,,,,,,,,
,,,, ,,,,,,,,,,,,,,,,,,,,,,,,,,,,
,,,, ,,,,,,,,,,,,,,,,,,,,,,,,,,,,
,,,, ,,,,,,,,,,,,,,,,,,,,,,,,,,,,
,,,, ,,,,,,,,,,,,,,,,,,,,,,,,,,,,
,,,, ,,,,,,,,,,,,,,,,,,,,,,,,,,,,
,,,, ,,,,,,,,,,,,,,,,,,,,,,,,,,,,
,,,, ,,,,,,,,,,,,,,,,,,,,,,,,,,,,
,,,, ,,,,,,,,,,,,,,,,,,,,,,,,,,,,
,,,, ,,,,,,,,,,,,,,,,,,,,,,,,,,,,
,,,, ,,,,,,,,,,,,,,,,,,,,,,,,,,,,
,,,, ,,,,,,,,,,,,,,,,,,,,,,,,,,,,
,,,, ,,,,,,,,,,,,,,,,,,,,,,,,,,,,
,,,, ,,,,,,,,,,,,,,,,,,,,,,,,,,,,
,,,, ,,,,,,,,,,,,,,,,,,,,,,,,,,,,
,,,, ,,,,,,,,,,,,,,,,,,,,,,,,,,,,
,,,, ,,,,,,,,,,,,,,,,,,,,,,,,,,,,
,,,, ,,,,,,,,,,,,,,,,,,,,,,,,,,,,
,,,, ,,,,,,,,,,,,,,,,,,,,,,,,,,,,
,,,, ,,,,,,,,,,,,,,,,,,,,,,,,,,,,
,,,, ,,,,,,,,,,,,,,,,,,,,,,,,,,,,
,,,, ,,,,,,,,,,,,,,,,,,,,,,,,,,,,
,,,, ,,,,,,,,,,,,,,,,,,,,,,,,,,,,
,,,, ,,,,,,,,,,,,,,,,,,,,,,,,,,,,
,,,, ,,,,,,,,,,,,,,,,,,,,,,,,,,,,
,,,, ,,,,,,,,,,,,,,,,,,,,,,,,,,,,
,,,, ,,,,,,,,,,,,,,,,,,,,,,,,,,,,
,,,, ,,,,,,,,,,,,,,,,,,,,,,,,,,,,
,,,, ,,,,,,,,,,,,,,,,,,,,,,,,,,,,
,,,, ,,,,,,,,,,,,,,,,,,,,,,,,,,,,
,,,, ,,,,,,,,,,,,,,,,,,,,,,,,,,,,
,,,, ,,,,,,,,,,,,,,,,,,,,,,,,,,,,
,,,, ,,,,,,,,,,,,,,,,,,,,,,,,,,,,
,,,, ,,,,,,,,,,,,,,,,,,,,,,,,,,,,
,,,, ,,,,,,,,,,,,,,,,,,,,,,,,,,,,
,,,, ,,,,,,,,,,,,,,,,,,,,,,,,,,,,
,,,, ,,,,,,,,,,,,,,,,,,,,,,,,,,,,
,,,, ,,,,,,,,,,,,,,,,,,,,,,,,,,,,
,,,, ,,,,,,,,,,,,,,,,,,,,,,,,,,,,
,,,, ,,,,,,,,,,,,,,,,,,,,,,,,,,,,
,,,, ,,,,,,,,,,,,,,,,,,,,,,,,,,,,
,,,, ,,,,,,,,,,,,,,,,,,,,,,,,,,,,
,,,, ,,,,,,,,,,,,,,,,,,,,,,,,,,,,
,,,, ,,,,,,,,,,,,,,,,,,,,,,,,,,,,
,,,, ,,,,,,,,,,,,,,,,,,,,,,,,,,,,
,,,, ,,,,,,,,,,,,,,,,,,,,,,,,,,,,
,,,, ,,,,,,,,,,,,,,,,,,,,,,,,,,,,
,,,, ,,,,,,,,,,,,,,,,,,,,,,,,,,,,
,,,, ,,,,,,,,,,,,,,,,,,,,,,,,,,,,
,,,, ,,,,,,,,,,,,,,,,,,,,,,,,,,,,
,,,, ,,,,,,,,,,,,,,,,,,,,,,,,,,,,
,,,, ,,,,,,,,,,,,,,,,,,,,,,,,,,,,
,,,, ,,,,,,,,,,,,,,,,,,,,,,,,,,,,
,,,, ,,,,,,,,,,,,,,,,,,,,,,,,,,,,
,,,, ,,,,,,,,,,,,,,,,,,,,,,,,,,,,
,,,, ,,,,,,,,,,,,,,,,,,,,,,,,,,,,
,,,, ,,,,,,,,,,,,,,,,,,,,,,,,,,,,
,,,, ,,,,,,,,,,,,,,,,,,,,,,,,,,,,
,,,, ,,,,,,,,,,,,,,,,,,,,,,,,,,,,
,,,, ,,,,,,,,,,,,,,,,,,,,,,,,,,,,
,,,, ,,,,,,,,,,,,,,,,,,,,,,,,,,,,
,,,, ,,,,,,,,,,,,,,,,,,,,,,,,,,,,
,,,, ,,,,,,,,,,,,,,,,,,,,,,,,,,,,
,,,, ,,,,,,,,,,,,,,,,,,,,,,,,,,,,
,,,, ,,,,,,,,,,,,,,,,,,,,,,,,,,,,
,,,, ,,,,,,,,,,,,,,,,,,,,,,,,,,,,
,,,, ,,,,,,,,,,,,,,,,,,,,,,,,,,,,
,,,, ,,,,,,,,,,,,,,,,,,,,,,,,,,,,
,,,, ,,,,,,,,,,,,,,,,,,,,,,,,,,,,
,,,, ,,,,,,,,,,,,,,,,,,,,,,,,,,,,
,,,, ,,,,,,,,,,,,,,,,,,,,,,,,,,,,
,,,, ,,,,,,,,,,,,,,,,,,,,,,,,,,,,
,,,, ,,,,,,,,,,,,,,,,,,,,,,,,,,,,
,,,, ,,,,,,,,,,,,,,,,,,,,,,,,,,,,
,,,, ,,,,,,,,,,,,,,,,,,,,,,,,,,,,
,,,, ,,,,,,,,,,,,,,,,,,,,,,,,,,,,
,,,, ,,,,,,,,,,,,,,,,,,,,,,,,,,,,
,,,, ,,,,,,,,,,,,,,,,,,,,,,,,,,,,
,,,, ,,,,,,,,,,,,,,,,,,,,,,,,,,,,
,,,, ,,,,,,,,,,,,,,,,,,,,,,,,,,,,
,,,, ,,,,,,,,,,,,,,,,,,,,,,,,,,,,
,,,, ,,,,,,,,,,,,,,,,,,,,,,,,,,,,
,,,, ,,,,,,,,,,,,,,,,,,,,,,,,,,,,
,,,, ,,,,,,,,,,,,,,,,,,,,,,,,,,,,
,,,, ,,,,,,,,,,,,,,,,,,,,,,,,,,,,
,,,, ,,,,,,,,,,,,,,,,,,,,,,,,,,,,
,,,, ,,,,,,,,,,,,,,,,,,,,,,,,,,,,
,,,, ,,,,,,,,,,,,,,,,,,,,,,,,,,,,
,,,, ,,,,,,,,,,,,,,,,,,,,,,,,,,,,
,,,, ,,,,,,,,,,,,,,,,,,,,,,,,,,,,
,,,, ,,,,,,,,,,,,,,,,,,,,,,,,,,,,
,,,, ,,,,,,,,,,,,,,,,,,,,,,,,,,,,
,,,, ,,,,,,,,,,,,,,,,,,,,,,,,,,,,
,,,, ,,,,,,,,,,,,,,,,,,,,,,,,,,,,
,,,, ,,,,,,,,,,,,,,,,,,,,,,,,,,,,
,,,, ,,,,,,,,,,,,,,,,,,,,,,,,,,,,
,,,, ,,,,,,,,,,,,,,,,,,,,,,,,,,,,
,,,, ,,,,,,,,,,,,,,,,,,,,,,,,,,,,
,,,, ,,,,,,,,,,,,,,,,,,,,,,,,,,,,
,,,, ,,,,,,,,,,,,,,,,,,,,,,,,,,,,
,,,, ,,,,,,,,,,,,,,,,,,,,,,,,,,,,
,,,, ,,,,,,,,,,,,,,,,,,,,,,,,,,,,
,,,, ,,,,,,,,,,,,,,,,,,,,,,,,,,,,
,,,, ,,,,,,,,,,,,,,,,,,,,,,,,,,,,
,,,, ,,,,,,,,,,,,,,,,,,,,,,,,,,,,
,,,, ,,,,,,,,,,,,,,,,,,,,,,,,,,,,
,,,, ,,,,,,,,,,,,,,,,,,,,,,,,,,,,
,,,, ,,,,,,,,,,,,,,,,,,,,,,,,,,,,
,,,, ,,,,,,,,,,,,,,,,,,,,,,,,,,,,
,,,, ,,,,,,,,,,,,,,,,,,,,,,,,,,,,
,,,, ,,,,,,,,,,,,,,,,,,,,,,,,,,,,
,,,, ,,,,,,,,,,,,,,,,,,,,,,,,,,,,
,,,, ,,,,,,,,,,,,,,,,,,,,,,,,,,,,
,,,, ,,,,,,,,,,,,,,,,,,,,,,,,,,,,
,,,, ,,,,,,,,,,,,,,,,,,,,,,,,,,,,
,,,, ,,,,,,,,,,,,,,,,,,,,,,,,,,,,
,,,, ,,,,,,,,,,,,,,,,,,,,,,,,,,,,
,,,, ,,,,,,,,,,,,,,,,,,,,,,,,,,,,
,,,, ,,,,,,,,,,,,,,,,,,,,,,,,,,,,
,,,, ,,,,,,,,,,,,,,,,,,,,,,,,,,,,
,,,, ,,,,,,,,,,,,,,,,,,,,,,,,,,,,
,,,, ,,,,,,,,,,,,,,,,,,,,,,,,,,,,
,,,, ,,,,,,,,,,,,,,,,,,,,,,,,,,,,
,,,, ,,,,,,,,,,,,,,,,,,,,,,,,,,,,
,,,, ,,,,,,,,,,,,,,,,,,,,,,,,,,,,
,,,, ,,,,,,,,,,,,,,,,,,,,,,,,,,,,
,,,, ,,,,,,,,,,,,,,,,,,,,,,,,,,,,
,,,, ,,,,,,,,,,,,,,,,,,,,,,,,,,,,
,,,, ,,,,,,,,,,,,,,,,,,,,,,,,,,,,
,,,, ,,,,,,,,,,,,,,,,,,,,,,,,,,,,
,,,, ,,,,,,,,,,,,,,,,,,,,,,,,,,,,
,,,, ,,,,,,,,,,,,,,,,,,,,,,,,,,,,
,,,, ,,,,,,,,,,,,,,,,,,,,,,,,,,,,
,,,, ,,,,,,,,,,,,,,,,,,,,,,,,,,,,
,,,, ,,,,,,,,,,,,,,,,,,,,,,,,,,,,
,,,, ,,,,,,,,,,,,,,,,,,,,,,,,,,,,
,,,, ,,,,,,,,,,,,,,,,,,,,,,,,,,,,
,,,, ,,,,,,,,,,,,,,,,,,,,,,,,,,,,
,,,, ,,,,,,,,,,,,,,,,,,,,,,,,,,,,
,,,, ,,,,,,,,,,,,,,,,,,,,,,,,,,,,
,,,, ,,,,,,,,,,,,,,,,,,,,,,,,,,,,
,,,, ,,,,,,,,,,,,,,,,,,,,,,,,,,,,
,,,, ,,,,,,,,,,,,,,,,,,,,,,,,,,,,
,,,, ,,,,,,,,,,,,,,,,,,,,,,,,,,,,
,,,, ,,,,,,,,,,,,,,,,,,,,,,,,,,,,
,,,, ,,,,,,,,,,,,,,,,,,,,,,,,,,,,
,,,, ,,,,,,,,,,,,,,,,,,,,,,,,,,,,
,,,, ,,,,,,,,,,,,,,,,,,,,,,,,,,,,
,,,, ,,,,,,,,,,,,,,,,,,,,,,,,,,,,
,,,, ,,,,,,,,,,,,,,,,,,,,,,,,,,,,
,,,, ,,,,,,,,,,,,,,,,,,,,,,,,,,,,
,,,, ,,,,,,,,,,,,,,,,,,,,,,,,,,,,
,,,, ,,,,,,,,,,,,,,,,,,,,,,,,,,,,
,,,, ,,,,,,,,,,,,,,,,,,,,,,,,,,,,
,,,, ,,,,,,,,,,,,,,,,,,,,,,,,,,,,
,,,, ,,,,,,,,,,,,,,,,,,,,,,,,,,,,
,,,, ,,,,,,,,,,,,,,,,,,,,,,,,,,,,
,,,, ,,,,,,,,,,,,,,,,,,,,,,,,,,,,
,,,, ,,,,,,,,,,,,,,,,,,,,,,,,,,,,
,,,, ,,,,,,,,,,,,,,,,,,,,,,,,,,,,
,,,, ,,,,,,,,,,,,,,,,,,,,,,,,,,,,
,,,, ,,,,,,,,,,,,,,,,,,,,,,,,,,,,
,,,, ,,,,,,,,,,,,,,,,,,,,,,,,,,,,
,,,, ,,,,,,,,,,,,,,,,,,,,,,,,,,,,
,,,, ,,,,,,,,,,,,,,,,,,,,,,,,,,,,
,,,, ,,,,,,,,,,,,,,,,,,,,,,,,,,,,
,,,, ,,,,,,,,,,,,,,,,,,,,,,,,,,,,
,,,, ,,,,,,,,,,,,,,,,,,,,,,,,,,,,
,,,, ,,,,,,,,,,,,,,,,,,,,,,,,,,,,
,,,, ,,,,,,,,,,,,,,,,,,,,,,,,,,,,
,,,, ,,,,,,,,,,,,,,,,,,,,,,,,,,,,
,,,, ,,,,,,,,,,,,,,,,,,,,,,,,,,,,
,,,, ,,,,,,,,,,,,,,,,,,,,,,,,,,,,
,,,, ,,,,,,,,,,,,,,,,,,,,,,,,,,,,
,,,, ,,,,,,,,,,,,,,,,,,,,,,,,,,,,
,,,, ,,,,,,,,,,,,,,,,,,,,,,,,,,,,
,,,, ,,,,,,,,,,,,,,,,,,,,,,,,,,,,
,,,, ,,,,,,,,,,,,,,,,,,,,,,,,,,,,
,,,, ,,,,,,,,,,,,,,,,,,,,,,,,,,,,
,,,, ,,,,,,,,,,,,,,,,,,,,,,,,,,,,
,,,, ,,,,,,,,,,,,,,,,,,,,,,,,,,,,
,,,, ,,,,,,,,,,,,,,,,,,,,,,,,,,,,
,,,, ,,,,,,,,,,,,,,,,,,,,,,,,,,,,
,,,, ,,,,,,,,,,,,,,,,,,,,,,,,,,,,
,,,, ,,,,,,,,,,,,,,,,,,,,,,,,,,,,
,,,, ,,,,,,,,,,,,,,,,,,,,,,,,,,,,
,,,, ,,,,,,,,,,,,,,,,,,,,,,,,,,,,
,,,, ,,,,,,,,,,,,,,,,,,,,,,,,,,,,
,,,, ,,,,,,,,,,,,,,,,,,,,,,,,,,,,
,,,, ,,,,,,,,,,,,,,,,,,,,,,,,,,,,
,,,, ,,,,,,,,,,,,,,,,,,,,,,,,,,,,
,,,, ,,,,,,,,,,,,,,,,,,,,,,,,,,,,
,,,, ,,,,,,,,,,,,,,,,,,,,,,,,,,,,
,,,, ,,,,,,,,,,,,,,,,,,,,,,,,,,,,
,,,, ,,,,,,,,,,,,,,,,,,,,,,,,,,,,
,,,, ,,,,,,,,,,,,,,,,,,,,,,,,,,,,
,,,, ,,,,,,,,,,,,,,,,,,,,,,,,,,,,
,,,, ,,,,,,,,,,,,,,,,,,,,,,,,,,,,
,,,, ,,,,,,,,,,,,,,,,,,,,,,,,,,,,
,,,, ,,,,,,,,,,,,,,,,,,,,,,,,,,,,
,,,, ,,,,,,,,,,,,,,,,,,,,,,,,,,,,
,,,, ,,,,,,,,,,,,,,,,,,,,,,,,,,,,
,,,, ,,,,,,,,,,,,,,,,,,,,,,,,,,,,
,,,, ,,,,,,,,,,,,,,,,,,,,,,,,,,,,
,,,, ,,,,,,,,,,,,,,,,,,,,,,,,,,,,
,,,, ,,,,,,,,,,,,,,,,,,,,,,,,,,,,
,,,, ,,,,,,,,,,,,,,,,,,,,,,,,,,,,
,,,, ,,,,,,,,,,,,,,,,,,,,,,,,,,,,
,,,, ,,,,,,,,,,,,,,,,,,,,,,,,,,,,
,,,, ,,,,,,,,,,,,,,,,,,,,,,,,,,,,